GRU 1,LSTM 1,LSTM 2,MLP 1,RNN 1,real,t
0.4878443777561188,0.5399869084358215,0.49945467710494995,0.36040307358688156,0.5345683693885803,0.5247678018575852,1
0.478850781917572,0.5412733554840088,0.5026538968086243,0.3630043220994806,0.5361949801445007,0.5122083559413998,2
0.4702133536338806,0.5406931638717651,0.5121331810951233,0.37383950198898835,0.540323793888092,0.4717212983945614,3
0.4840795695781708,0.5557653903961182,0.5108835101127625,0.3697795549148632,0.5388424396514893,0.4701254348728098,4
0.4642847180366516,0.5516878962516785,0.4804162383079529,0.3713146572900511,0.5429894328117371,0.4796367814624492,5
0.49963581562042236,0.5414491891860962,0.47391486167907715,0.358886396466806,0.5337191224098206,0.4927707382464652,6
0.4692351222038269,0.5247184038162231,0.46549832820892334,0.33667569481775517,0.5383824706077576,0.4761737576202484,7
0.4782663881778717,0.5182463526725769,0.48108941316604614,0.32412281277381905,0.5335810780525208,0.48444033066292164,8
0.4460170567035675,0.5249530076980591,0.473169207572937,0.32327143988728907,0.534527063369751,0.5023937952826274,9
0.45992815494537354,0.5250556468963623,0.48004698753356934,0.3258655686572837,0.5270252227783203,0.5294277233410998,10
0.43403103947639465,0.5208054184913635,0.4830479621887207,0.3404905655333877,0.5357624888420105,0.5250710159267179,11
0.4259733259677887,0.52281653881073,0.5105793476104736,0.3456226546942654,0.5442204475402832,0.5425616801251157,12
0.48920655250549316,0.5581138730049133,0.524206280708313,0.33620919683144884,0.5414856672286987,0.5474450225016757,13
0.5100786685943604,0.5450696349143982,0.5320143103599548,0.3934163591315979,0.5499621629714966,0.5399923398550955,14
0.559608519077301,0.5648461580276489,0.5415320992469788,0.4282414183092951,0.5456780195236206,0.5383645590629088,15
0.5165156722068787,0.5726758241653442,0.5419422388076782,0.40334403832738847,0.5497640371322632,0.549934569595608,16
0.5660497546195984,0.575455367565155,0.5396845936775208,0.4261764062014017,0.5460913181304932,0.5464077112125372,17
0.5610256195068359,0.5680395364761353,0.5414544343948364,0.4400042426450568,0.546564519405365,0.5471737257029778,18
0.5567218065261841,0.5748500823974609,0.5434666275978088,0.4316702015504893,0.5423736572265625,0.5482589128977688,19
0.531924307346344,0.5716986060142517,0.5439608693122864,0.4298450187441753,0.5432426929473877,0.5543870288212953,20
0.5385993123054504,0.5742826461791992,0.5434106588363647,0.4404334451742671,0.5425334572792053,0.5548338706073856,21
0.5360676646232605,0.5760242938995361,0.5492326021194458,0.43027270418270686,0.5409119725227356,0.5495834796208229,22
0.5368384122848511,0.5756165385246277,0.5483999848365784,0.43989448545672327,0.5416142344474792,0.5311352973093741,23
0.5294744372367859,0.5756626129150391,0.5465638041496277,0.4470702957382678,0.541415810585022,0.5268264658006447,24
0.505781352519989,0.5780035257339478,0.5326396822929382,0.4361162050193811,0.544204831123352,0.5380773036289936,25
0.5044628977775574,0.5723255276679993,0.5267813205718994,0.4218075190680009,0.5480345487594604,0.5521847371612779,26
0.5468095541000366,0.5722051858901978,0.5329609513282776,0.40789874297034573,0.5463873147964478,0.550828253167789,27
0.5512546300888062,0.5611470341682434,0.5405872464179993,0.41980229190121693,0.5500631928443909,0.549312182822125,28
0.5557568073272705,0.5681131482124329,0.5484386086463928,0.4335998244801282,0.5493649244308472,0.5571159554434904,29
0.551488995552063,0.5802786946296692,0.5525020956993103,0.423374186608248,0.5478630661964417,0.5485621269669019,30
0.5612470507621765,0.5761985778808594,0.5520645380020142,0.4449825909810955,0.5510032176971436,0.547732277935591,31
0.5748571157455444,0.5815884470939636,0.5495314002037048,0.44994960494376096,0.5481224656105042,0.5346781143276628,32
0.5611878633499146,0.5801847577095032,0.548991858959198,0.4390456519981017,0.5460505485534668,0.5167725256136095,33
0.5526463985443115,0.5766706466674805,0.5337809920310974,0.4476497339828149,0.547143816947937,0.513389294947496,34
0.523725688457489,0.5695403814315796,0.5206627249717712,0.43081758218490424,0.5487171411514282,0.5274488525741278,35
0.5409223437309265,0.5722202658653259,0.516424834728241,0.3953296951534922,0.5434680581092834,0.5269062589767323,36
0.5390742421150208,0.5518957376480103,0.5142105221748352,0.40116737737469255,0.5474050045013428,0.5270977625993426,37
0.5566897392272949,0.5561856031417847,0.5204977989196777,0.403985664574202,0.5394212007522583,0.521703743895822,38
0.5119264721870422,0.5561612844467163,0.5221570730209351,0.39208913030238934,0.5382606387138367,0.5198844594810251,39
0.5071240663528442,0.5576547384262085,0.5153970122337341,0.4053185447665818,0.5376383662223816,0.5263796240145544,40
0.49180230498313904,0.5572391152381897,0.5141634345054626,0.3948953225802724,0.5366156101226807,0.5367846541763748,41
0.4794442057609558,0.5541398525238037,0.5160380005836487,0.39262904226622597,0.5414218902587891,0.537566627302033,42
0.5114832520484924,0.5599786043167114,0.5284975171089172,0.3883508394621227,0.5390248894691467,0.5436149500494719,43
0.4892543852329254,0.5549615621566772,0.5281264781951904,0.40657450920077987,0.5483558177947998,0.5430244805464236,44
0.5444613099098206,0.5715141296386719,0.5436607599258423,0.4048271940442316,0.5397727489471436,0.5419073760811975,45
0.5317951440811157,0.5700058937072754,0.5358532071113586,0.4148573945672442,0.5435582399368286,0.5106763269605182,46
0.5486289262771606,0.5660765767097473,0.5370135307312012,0.4424645709885177,0.5388781428337097,0.50738884810571,47
0.4868474304676056,0.5699604153633118,0.5126778483390808,0.42180466573782516,0.5421684980392456,0.5289489642845743,48
0.49363279342651367,0.5651370286941528,0.5095973014831543,0.3907916639542111,0.5393898487091064,0.5245762982349749,49
0.5135377049446106,0.5531278848648071,0.51198410987854,0.39241374802274187,0.5438783764839172,0.5468066770929751,50
0.5335073471069336,0.5548785924911499,0.5166483521461487,0.3887900843670837,0.5392439961433411,0.542322300596853,51
0.5138422846794128,0.550997257232666,0.536179780960083,0.3964804904192436,0.5378205180168152,0.5369761577989851,52
0.5187265276908875,0.5659489631652832,0.5337623953819275,0.4124137377330254,0.5366524457931519,0.5483706233442915,53
0.49257737398147583,0.5635037422180176,0.5339451432228088,0.4143760744088013,0.5378531217575073,0.5604991861096039,54
0.5060564875602722,0.5681408643722534,0.5395724773406982,0.4253536553760328,0.5382583737373352,0.5756918068366794,55
0.48801109194755554,0.5683149099349976,0.5480827689170837,0.425767911585738,0.5480585098266602,0.5943474514059558,56
0.5186294913291931,0.576360285282135,0.5699025988578796,0.4316823891350512,0.5536460876464844,0.5840222144202227,57
0.5830000042915344,0.5959627628326416,0.5910148024559021,0.4406630122554153,0.5531126856803894,0.5849637738980561,58
0.610933780670166,0.5988554358482361,0.5846856236457825,0.4885022686149391,0.554515540599823,0.5842296766780506,59
0.6215888857841492,0.6002511382102966,0.5891437530517578,0.515040153104789,0.5468065738677979,0.5935335610098624,60
0.5819762945175171,0.6033334136009216,0.5820243954658508,0.5049072264768456,0.5485581755638123,0.5909961380102774,61
0.5332524180412292,0.5888219475746155,0.5871192812919617,0.5066367133930346,0.5610415935516357,0.5913472279850626,62
0.6258448958396912,0.6253748536109924,0.6029446125030518,0.46356376990560094,0.5496920943260193,0.5975232198142415,63
0.6326631307601929,0.606670618057251,0.5875637531280518,0.5006080957383062,0.5518929958343506,0.5834955794580448,64
0.6512971520423889,0.5952032208442688,0.59007328748703,0.565830387255467,0.5376878380775452,0.5733778047301396,65
0.548160970211029,0.5994259119033813,0.5830514430999756,0.505226683908404,0.5334919095039368,0.5960390667390126,66
0.51895672082901,0.5948693156242371,0.5718265771865845,0.482294241294376,0.5343707203865051,0.5889215154320003,67
0.5291227698326111,0.5890035033226013,0.5796841979026794,0.5069109582770311,0.5405490398406982,0.5816284191375953,68
0.5328798294067383,0.6000391244888306,0.583787202835083,0.48549445847008965,0.541242241859436,0.5782611471066993,69
0.5356572270393372,0.5989220142364502,0.5841284990310669,0.47546810017844726,0.5424250960350037,0.5801123487919313,70
0.5646361708641052,0.5984997749328613,0.5745961666107178,0.508025023502319,0.5431198477745056,0.5785803198110496,71
0.5571352243423462,0.5968987941741943,0.5764802694320679,0.4936474540027356,0.5413195490837097,0.5772717117232135,72
0.5388621687889099,0.5956982970237732,0.5742975473403931,0.4819478685741989,0.5453755259513855,0.572531997063611,73
0.5606238842010498,0.5969966053962708,0.5765684247016907,0.4816960999050579,0.5436161160469055,0.5700424499696785,74
0.5607761144638062,0.595637321472168,0.5707980990409851,0.4831834426637903,0.5436591506004333,0.5673933165235711,75
0.5575234889984131,0.5919671058654785,0.5676289200782776,0.4858822206525804,0.5431079864501953,0.5770961667358208,76
0.5436089038848877,0.5915247797966003,0.5648581385612488,0.47588028568818513,0.5443142652511597,0.5944591618524783,77
0.5526822805404663,0.5914278030395508,0.5725879073143005,0.46605222367978244,0.5438816547393799,0.5908684689285371,78
0.5587084889411926,0.5899608135223389,0.5835098028182983,0.48045138330097953,0.5480982661247253,0.5832881172002169,79
0.5844194889068604,0.6010016202926636,0.59053635597229,0.4840963372003442,0.5427523255348206,0.5772876703584311,80
0.5633909106254578,0.5981864333152771,0.5832404494285583,0.499934505595206,0.544809103012085,0.568478503718362,81
0.5712639093399048,0.6005680561065674,0.5775530934333801,0.5084701396456593,0.5408694744110107,0.5754205100379816,82
0.5331855416297913,0.5973561406135559,0.5664875507354736,0.4873461045440236,0.5456515550613403,0.5441894609173022,83
0.5545158386230469,0.5953459143638611,0.5728502869606018,0.47707571581297253,0.5449581742286682,0.563004691838754,84
0.5479381680488586,0.5958126187324524,0.5481027364730835,0.46923198732412175,0.5476579070091248,0.5729788388497017,85
0.5634488463401794,0.5827856063842773,0.5614754557609558,0.46394697811268243,0.543038010597229,0.5619992978200503,86
0.5500223636627197,0.5843474268913269,0.5596352219581604,0.4654472299209833,0.5496041774749756,0.5444447990807826,87
0.5577378869056702,0.5886042714118958,0.5662873983383179,0.44850085813484325,0.5469980835914612,0.5503175768408287,88
0.5232453346252441,0.5807724595069885,0.5481995940208435,0.4659912296223244,0.5565823316574097,0.5755641377549391,89
0.5915433168411255,0.5960545539855957,0.5576885938644409,0.43979924243546586,0.5471967458724976,0.6002840637068717,90
0.577056348323822,0.5755760073661804,0.5602900385856628,0.44802695950559757,0.5557476878166199,0.6152053876352493,91
0.6138600707054138,0.5774770975112915,0.5871245265007019,0.4856888258920302,0.5526872277259827,0.6151575117295969,92
0.5757664442062378,0.5984135866165161,0.6103086471557617,0.4778376740808924,0.5574527978897095,0.6159554434904727,93
0.6204048991203308,0.619642436504364,0.6197040677070618,0.5020335432677745,0.5567502975463867,0.6265838945453386,94
0.6488945484161377,0.6223229765892029,0.618569552898407,0.5425154243846652,0.5539785623550415,0.6358079857010628,95
0.6431474685668945,0.6188934445381165,0.6218408346176147,0.5703532101874976,0.5521380305290222,0.6309246433245027,96
0.6142962574958801,0.6243157982826233,0.6313512921333313,0.5597112671780125,0.553500235080719,0.6384252018767353,97
0.6157508492469788,0.6333164572715759,0.6344740390777588,0.5494390420240813,0.5539771914482117,0.6488621493089912,98
0.639717161655426,0.6325892806053162,0.6382220387458801,0.5703571344083439,0.5524755716323853,0.6462449331333183,99
0.6496574878692627,0.6326810121536255,0.6425886750221252,0.5896565658455843,0.5492203831672668,0.6586607513325461,100
0.6145065426826477,0.6318643093109131,0.6424589157104492,0.5927016819084776,0.5529150366783142,0.6343078739906163,101
0.6235596537590027,0.6394169926643372,0.6572831869125366,0.5830782328194257,0.5506746172904968,0.6271584054131691,102
0.6149101853370667,0.6452998518943787,0.6379757523536682,0.5888450662929047,0.5569779872894287,0.5628929813922313,103
0.6388096213340759,0.6402538418769836,0.6368048191070557,0.5946135382896187,0.5537592172622681,0.525757237241071,104
0.6045644283294678,0.6410828828811646,0.5815759301185608,0.571910233413544,0.5580389499664307,0.5362899364846317,105
0.5977559685707092,0.6189807653427124,0.5507872700691223,0.5185012148644295,0.5543598532676697,0.4834828125498707,106
0.5872511863708496,0.5864888429641724,0.5328791737556458,0.47876937593801017,0.559148371219635,0.4415594778334558,107
0.5724814534187317,0.568115234375,0.4980553388595581,0.4210240013419323,0.5615672469139099,0.44447990807826115,108
0.5228775143623352,0.5129930973052979,0.4701375365257263,0.3703194998949253,0.5661779046058655,0.45566691136574006,109
0.5900098085403442,0.5140095353126526,0.45940589904785156,0.31651159638956067,0.5619142651557922,0.47137020841977595,110
0.5847246646881104,0.4369150996208191,0.4483427405357361,0.29760771438911443,0.5670705437660217,0.43514410647601415,111
0.6217228770256042,0.4414263665676117,0.4616318345069885,0.31146263700599963,0.5596989393234253,0.3860872618173694,112
0.552909255027771,0.47220566868782043,0.4490763545036316,0.29770935753352507,0.5609083771705627,0.2796591235517538,113
0.536173939704895,0.4744732677936554,0.42033180594444275,0.28547683461152984,0.5560775995254517,0.24020937729405378,114
0.4115035831928253,0.3826042711734772,0.32704490423202515,0.2518829759432284,0.5658724308013916,0.23620375985445716,115
0.4442980885505676,0.34062856435775757,0.29546499252319336,0.15742465520542825,0.5578623414039612,0.06935622865532531,116
0.44721561670303345,0.21113380789756775,0.25129234790802,0.11050158397521595,0.56112140417099,0.1074494909195366,117
0.32615897059440613,-0.0275961235165596,0.13747459650039673,0.10039731308756186,0.5675326585769653,0.024081580543231885,118
0.34850892424583435,0.05779912322759628,0.16252568364143372,0.04881068060992472,0.5380662083625793,0.0865277201493728,119
0.1357661485671997,-0.15764538943767548,0.05485812574625015,0.038350589923218284,0.5675983428955078,0.05082825316778909,120
0.3460947573184967,-0.13893195986747742,0.10517414659261703,0.026639661545156026,0.530596911907196,0.07013820178098369,121
0.13596777617931366,-0.12455382943153381,0.06800419837236404,0.024535995505198596,0.5484958291053772,0.07771855350930389,122
0.16897697746753693,-0.07252182811498642,0.09770906716585159,0.02189406684047731,0.5170259475708008,0.04371070186077681,123
-0.05095088854432106,-0.09740877151489258,0.08809158951044083,0.024114329867567213,0.5403436422348022,0.12144521400529827,124
0.06676246970891953,0.033447299152612686,0.08832941204309464,0.017940959366318295,0.512994647026062,0.15736810187992714,125
0.015602868981659412,-0.05205163359642029,0.11163363605737686,0.022048019406561394,0.5252008438110352,0.1718585426574319,126
0.10316329449415207,-0.015136557631194592,0.13843649625778198,0.028365068680835458,0.5204482078552246,0.131116146947113,127
-0.0018835676601156592,0.10324501991271973,0.17730149626731873,0.0253952865907059,0.5162073373794556,0.11228495739044389,128
0.06092344969511032,0.1524980217218399,0.15374305844306946,0.03569481296771787,0.5130069851875305,0.13231304458842671,129
0.05461084470152855,0.15557436645030975,0.13625311851501465,0.038836522720217356,0.4946155250072479,0.09943825604034334,130
-0.0445232093334198,0.132382333278656,0.1323634386062622,0.03510718567319846,0.49869799613952637,0.0985924483738151,131
-0.0905982106924057,0.1461709886789322,0.11531580239534378,0.028140288165835404,0.498932421207428,0.09978934601512882,132
-0.09392961859703064,0.12318260967731476,0.11595762521028519,0.02661867639998245,0.49253204464912415,0.14171268073154383,133
-0.07357485592365265,0.11882179975509644,0.10672248154878616,0.026939966183027245,0.48907530307769775,0.16687944846956687,134
-0.11427216231822968,0.10036198049783707,0.13455498218536377,0.02552928536192086,0.4925335943698883,0.15886821359037376,135
-0.11237780004739761,0.11230218410491943,0.15737056732177734,0.028583261497003028,0.5055848956108093,0.17782707222878302,136
-0.028098445385694504,0.1856839805841446,0.17006221413612366,0.029330031532398857,0.4923279881477356,0.18389135361143918,137
-0.04308994486927986,0.1532295197248459,0.17486688494682312,0.04011390737595988,0.5062193274497986,0.14094666624110302,138
0.0024258745834231377,0.18516452610492706,0.1855279505252838,0.043724941578013383,0.5027285814285278,0.12880214484057315,139
-0.09431114792823792,0.19634893536567688,0.16118788719177246,0.03869853949407267,0.516312301158905,0.14673965082506144,140
0.03381818160414696,0.18378621339797974,0.15183299779891968,0.03919762207015217,0.5032438635826111,0.13966997542370174,141
0.019263068214058876,0.13344722986221313,0.1450936198234558,0.03897563572106146,0.5097540616989136,0.10829529858606483,142
0.0344509519636631,0.1596362292766571,0.14762377738952637,0.03357072074729808,0.495063453912735,0.12184417988573618,143
-0.058845311403274536,0.16128475964069366,0.1261008381843567,0.031945140882966294,0.4922844171524048,0.12610513548881297,144
-0.046217404305934906,0.16025517880916595,0.12937235832214355,0.031778372457734676,0.47317376732826233,0.10494398519038643,145
-0.12793241441249847,0.16022524237632751,0.12241364270448685,0.02853647813380186,0.4796096086502075,0.12375921611183811,146
-0.15822237730026245,0.16036736965179443,0.1160416528582573,0.026934296580460877,0.4751206636428833,0.14045194854935997,147
-0.14591743052005768,0.16683810949325562,0.12644994258880615,0.026522677644997102,0.4627542793750763,0.17544923558137301,148
-0.21509763598442078,0.136033833026886,0.12893974781036377,0.02879983792187501,0.49023953080177307,0.1541604162012065,149
-0.1567966341972351,0.14923366904258728,0.16953280568122864,0.029084687441308876,0.4935172498226166,0.11442341450959115,150
-0.17031890153884888,0.1547776162624359,0.16146034002304077,0.03275240361830712,0.5195551514625549,0.12629663911142314,151
0.0008884494891390204,0.18642893433570862,0.14837011694908142,0.033833619175042705,0.5039705038070679,0.11416807634611083,152
0.028072653338313103,0.1470990926027298,0.13449642062187195,0.03573693269229565,0.5010252594947815,0.12361558839488039,153
0.03291422128677368,0.1473451405763626,0.12063845247030258,0.033230610002545985,0.4855390191078186,0.13194599597842396,154
-0.08622561395168304,0.1475634127855301,0.12835046648979187,0.028567971562939592,0.4743954837322235,0.11424786952219841,155
-0.11074019968509674,0.17191657423973083,0.13030478358268738,0.028086084320684216,0.4650575518608093,0.12869043439405056,156
-0.2227763831615448,0.1570018082857132,0.11787205189466476,0.028437364509025054,0.481506884098053,0.10773674635345176,157
-0.15775088965892792,0.17735090851783752,0.13496097922325134,0.027060145020414147,0.4657127857208252,0.09404423733682299,158
-0.23884078860282898,0.14856331050395966,0.10945748537778854,0.02770493590664429,0.4969128966331482,0.08276148223803892,159
-0.14787913858890533,0.14042003452777863,0.11413895338773727,0.02661603221722817,0.4863334596157074,0.13133956784015832,160
-0.14681476354599,0.13992680609226227,0.09692647308111191,0.02374767955577782,0.48787814378738403,0.10417797069994578,161
-0.0948571264743805,0.09221870452165604,0.12281814962625504,0.025024408215472797,0.48833879828453064,0.11606715393699533,162
-0.27751433849334717,0.016331659629940987,0.10871490091085434,0.029295398526229855,0.5301844477653503,0.11646611981743324,163
-0.092918761074543,0.11938510090112686,0.14842146635055542,0.021724682829414036,0.5119773149490356,0.11828540423223004,164
0.0009218477644026279,0.06713142991065979,0.12259041517972946,0.02606146531223139,0.5337125658988953,0.14370751013373337,165
0.1626579463481903,0.027319863438606262,0.13032352924346924,0.034408537750182135,0.5149072408676147,0.1671826625386996,166
0.07526504993438721,0.12067753076553345,0.14783886075019836,0.029587547781749483,0.49357086420059204,0.1944080942197823,167
-0.1156524047255516,0.05283493548631668,0.1565077006816864,0.03520815310096255,0.5283952355384827,0.2023235772876704,168
-0.054504185914993286,0.0656619444489479,0.19824394583702087,0.038440220310305244,0.5374529361724854,0.18196035875011968,169
0.060855548828840256,0.13556796312332153,0.2150711715221405,0.036395803234257375,0.5467190146446228,0.20189269413679733,170
0.007870163768529892,-0.18786069750785828,0.1983647346496582,0.06651954612163472,0.5740551352500916,0.2316874660879002,171
0.46365323662757874,0.1844480186700821,0.2248954176902771,0.04323230087594662,0.5418844819068909,0.26652516676773796,172
0.3382636308670044,-0.0888642817735672,0.2042602300643921,0.06245017027111009,0.5701271891593933,0.2570138201780984,173
0.5271636247634888,-0.007939756847918034,0.24122297763824463,0.09736314725915934,0.5437642335891724,0.30581532667326294,174
0.19510212540626526,0.1310470998287201,0.2692731022834778,0.06979500813884044,0.5607527494430542,0.30956560594937926,175
0.3437926173210144,0.07773549109697342,0.30278101563453674,0.08869080431453977,0.5652664303779602,0.2866170885065909,176
0.4351794123649597,0.102630615234375,0.30820101499557495,0.10167546732748091,0.5700235962867737,0.2725096549743065,177
0.5081254243850708,0.15999197959899902,0.3060372471809387,0.10841970373507502,0.5664646029472351,0.21092528166991156,178
0.5388634204864502,0.19008061289787292,0.2889326512813568,0.1270506807684453,0.558743417263031,0.2132712010468864,179
0.44717761874198914,0.15990179777145386,0.24392041563987732,0.12557176127207367,0.5565920472145081,0.20794101688423608,180
0.38402271270751953,0.19807003438472748,0.24133926630020142,0.08904682514786683,0.5414536595344543,0.2456033959975743,181
0.3022686839103699,0.16061697900295258,0.21443551778793335,0.07330996253464091,0.5470129251480103,0.24295426255146654,182
0.3018319308757782,0.09980063140392303,0.24056503176689148,0.07305099259338907,0.5438852310180664,0.2288308703839647,183
0.27370378375053406,0.1860627382993698,0.24844306707382202,0.06774186686975385,0.5419244766235352,0.2326609428361686,184
0.24953994154930115,0.19608847796916962,0.24652665853500366,0.06984164715904628,0.542550802230835,0.22172927771217,185
0.1751115918159485,0.05676349997520447,0.24239075183868408,0.0904348160777889,0.5594162940979004,0.2365229325588075,186
0.3673382103443146,0.2815861999988556,0.2503880262374878,0.057615357825985376,0.5335893630981445,0.1977594076154607,187
0.30308815836906433,0.12603144347667694,0.22819173336029053,0.07299297568225047,0.5513433218002319,0.20969646675816284,188
0.40566274523735046,0.20135869085788727,0.21761012077331543,0.09021873645528612,0.5129980444908142,0.19503048099326536,189
0.09430473297834396,0.2259756326675415,0.21950232982635498,0.06133858441423867,0.5182956457138062,0.21094124030512915,190
0.14375019073486328,0.23883302509784698,0.20184949040412903,0.05971481171748802,0.5141946077346802,0.20348855765854895,191
0.10306967794895172,0.21201345324516296,0.2131275236606598,0.05534684403771323,0.5118299126625061,0.2028502122498483,192
0.0983523428440094,0.2226724773645401,0.20650213956832886,0.058259549940530744,0.5112709999084473,0.24613003095975236,193
0.07143320143222809,0.24096618592739105,0.2116565704345703,0.05255612610006619,0.5037761926651001,0.2309533688678944,194
0.031251952052116394,0.188060462474823,0.2318924069404602,0.06184867395193912,0.5237215757369995,0.2553222048450416,195
0.14200370013713837,0.27441272139549255,0.23942476511001587,0.056537411461620446,0.5111556053161621,0.23795920972838394,196
0.0884275734424591,0.22693566977977753,0.25286054611206055,0.06657990761363736,0.5263294577598572,0.21864926111518934,197
0.22348584234714508,0.2864425778388977,0.24651527404785156,0.07719481908399983,0.5094918608665466,0.20436628259551234,198
0.08967103809118271,0.275205135345459,0.23089179396629333,0.06909530636276483,0.5149548053741455,0.21780345344866112,199
0.154445081949234,0.27978700399398804,0.21559685468673706,0.07078859322382611,0.49908021092414856,0.23468768950879312,200
0.06822610646486282,0.2536301016807556,0.21396282315254211,0.06258136122234756,0.5020043253898621,0.22273467173087355,201
0.07226067781448364,0.25217336416244507,0.2272203266620636,0.060802768744353544,0.5004084706306458,0.24437458108582558,202
0.02409265749156475,0.26307398080825806,0.22580605745315552,0.059409202414056866,0.5058277249336243,0.2423159171427659,203
0.03288307040929794,0.24819315969944,0.2431909143924713,0.0653562701289175,0.5132334232330322,0.23684210526315783,204
0.11163582652807236,0.2879711091518402,0.24477136135101318,0.063975249287589,0.5108577609062195,0.24284255210494396,205
0.11201183497905731,0.26663753390312195,0.24108028411865234,0.0691706200287253,0.5154628753662109,0.24547572691583414,206
0.18127138912677765,0.28782859444618225,0.24585384130477905,0.07485372422122488,0.4974091053009033,0.2288149117487473,207
0.01817212626338005,0.24904555082321167,0.23953747749328613,0.07653549175622713,0.5223659873008728,0.22798506271743632,208
0.12619559466838837,0.3058759570121765,0.24556970596313477,0.06581575992656456,0.5049819946289062,0.21359037375123674,209
0.0989232212305069,0.2755339443683624,0.2304086685180664,0.0665199085986832,0.5148447155952454,0.19378570744629922,210
0.17183798551559448,0.2644844949245453,0.21917182207107544,0.07465924570005596,0.5010454654693604,0.20588235294117638,211
0.024826806038618088,0.2598711848258972,0.20327749848365784,0.062445056514057684,0.5029109120368958,0.1994669815837349,212
0.05012496933341026,0.2631831467151642,0.20871925354003906,0.054458079864393195,0.4940231442451477,0.16601768216782103,213
0.010038109496235847,0.22969116270542145,0.19546186923980713,0.055294804370032286,0.5087041854858398,0.14699498898854163,214
-0.024062279611825943,0.21060895919799805,0.1828116774559021,0.05413808862424898,0.5123589038848877,0.1625706169608375,215
-0.038653284311294556,0.21145179867744446,0.16843321919441223,0.0443559506746317,0.5148674845695496,0.1700073409722001,216
0.03498896211385727,0.154743030667305,0.16677674651145935,0.04170077762146627,0.5228101015090942,0.17289585394657045,217
0.12740734219551086,0.14534364640712738,0.17213794589042664,0.04127040389576955,0.5151790380477905,0.15984169033864215,218
0.09273084253072739,0.16046932339668274,0.1779208481311798,0.04158379104876608,0.5073941946029663,0.158660751332546,219
0.05062459409236908,0.1883741319179535,0.1700780689716339,0.04305212252533266,0.49877193570137024,0.1751619801474577,220
0.0011449663434177637,0.20085497200489044,0.16621407866477966,0.04073258497458029,0.490826278924942,0.20861127956337172,221
-0.036012083292007446,0.18519505858421326,0.17057329416275024,0.04127131233225361,0.49618321657180786,0.2137978360090645,222
-0.05829920619726181,0.17104847729206085,0.19786691665649414,0.04290049727164487,0.5087940096855164,0.2065366569850946,223
0.0031846738420426846,0.21904903650283813,0.21534928679466248,0.04303419182936043,0.5112249851226807,0.19118444990584404,224
0.08300527930259705,0.2395934760570526,0.2149888277053833,0.04961593089462514,0.5071161389350891,0.1809390060961987,225
0.10949678719043732,0.23955035209655762,0.19916784763336182,0.059725478017854675,0.4981212317943573,0.1735022820848361,226
0.058911293745040894,0.2587612271308899,0.1885281205177307,0.053334039891350306,0.47914814949035645,0.18160926877533434,227
-0.038876812905073166,0.24262350797653198,0.17191624641418457,0.048438555135533606,0.48169413208961487,0.16549104720564298,228
-0.04276646673679352,0.23745717108249664,0.17812755703926086,0.045216278694240275,0.4713679254055023,0.1637036800612812,229
-0.11855944991111755,0.2356218546628952,0.16419675946235657,0.042014239357807286,0.4794241487979889,0.18397114678752677,230
-0.11307743191719055,0.22716407477855682,0.1665603220462799,0.040594927119785705,0.4763309359550476,0.18385943634100405,231
-0.0928867906332016,0.22350487112998962,0.17565622925758362,0.03991682207447559,0.47984424233436584,0.18618939708276147,232
-0.10133218765258789,0.21219269931316376,0.1781410574913025,0.04152251239366714,0.4926122725009918,0.1810347579075037,233
-0.02790157124400139,0.24184399843215942,0.19082972407341003,0.04103285871427436,0.4756614565849304,0.1877852606045131,234
-0.07513676583766937,0.22903761267662048,0.1772352159023285,0.04558725832425902,0.4889141917228699,0.1616928920238741,235
-0.05093134567141533,0.22794033586978912,0.18748503923416138,0.04697366899421912,0.48379579186439514,0.15968210398646698,236
-0.11187439411878586,0.23701776564121246,0.16806450486183167,0.04252024561578399,0.4944785535335541,0.16606555807347348,237
-0.07179281115531921,0.209604874253273,0.16759353876113892,0.042062838840335876,0.4961980879306793,0.1675177938782675,238
-0.026978110894560814,0.19904227554798126,0.16635504364967346,0.04119725613261758,0.49779176712036133,0.16491653633781234,239
-0.05048887059092522,0.17560918629169464,0.16903012990951538,0.03997799920307715,0.5063953995704651,0.17943889438575208,240
-0.12992948293685913,0.10668378323316574,0.17101192474365234,0.04441943478217437,0.5318571925163269,0.15937888991733423,241
0.07194116711616516,0.19644024968147278,0.1960393488407135,0.03544310033591872,0.5177038908004761,0.16989563052567735,242
0.09606323391199112,0.13581258058547974,0.16649603843688965,0.04182225611288215,0.5338900685310364,0.16643260668347637,243
0.23296788334846497,0.15239401161670685,0.18061596155166626,0.049848281586045866,0.4987492859363556,0.1574957709616673,244
0.03605533391237259,0.18175892531871796,0.16761314868927002,0.043837378473749904,0.504043698310852,0.15875650314385117,245
0.0032020066864788532,0.19248591363430023,0.16765594482421875,0.04071649781646657,0.4952031970024109,0.17230538444352236,246
-0.03111177124083042,0.19499196112155914,0.16359105706214905,0.03947065119830543,0.4944515526294708,0.18424244358622452,247
-0.03091326355934143,0.18504905700683594,0.1701115071773529,0.039719948487156195,0.49631211161613464,0.18031661932271548,248
-0.04806477576494217,0.18045495450496674,0.18149033188819885,0.04074987711657694,0.5038149952888489,0.1553573138425202,249
-0.017011480405926704,0.20684808492660522,0.18708831071853638,0.04077861200262957,0.5026059150695801,0.11745555520091921,250
-0.44188711047172546,-0.1120227798819542,0.1562187373638153,0.06104256565987748,0.5675563216209412,0.11048163161086468,251
0.21073496341705322,0.2354941964149475,0.18678966164588928,0.02814580354200214,0.5358783602714539,0.1113753151830455,252
0.21283313632011414,-0.04102393984794617,0.11894454807043076,0.034199616895522915,0.5637835264205933,0.10965178257955371,253
0.473911851644516,-0.08318368345499039,0.11707753688097,0.05804946273659263,0.5151031613349915,0.10724202866170886,254
0.06185075268149376,0.0712427869439125,0.12474720925092697,0.030474839918508433,0.5093401670455933,0.13328652133669527,255
-0.027174167335033417,0.09364604204893112,0.121751569211483,0.027000505440012864,0.5074698328971863,0.1208547445022502,256
0.0034596272744238377,0.10220100730657578,0.13565459847450256,0.02759593692957817,0.49891749024391174,0.12133350355877569,257
-0.027598779648542404,0.1255147010087967,0.1280009150505066,0.028669073331191706,0.4962848424911499,0.12358367112444538,258
-0.0872393324971199,0.1261386126279831,0.13278496265411377,0.029767250442130213,0.4920535981655121,0.12738182630621428,259
-0.10213744640350342,0.14865928888320923,0.13074907660484314,0.028857354740578697,0.49148014187812805,0.14069132807762272,260
-0.11310825496912003,0.13633248209953308,0.13236764073371887,0.028074730980427152,0.4983479082584381,0.15637866649644117,261
-0.06615091115236282,0.1297711879014969,0.1433413326740265,0.030402166147334243,0.49783387780189514,0.15221346270466954,262
-0.08214113116264343,0.13125240802764893,0.15612861514091492,0.03182136763431096,0.5060095191001892,0.1654112540295554,263
-0.024483580142259598,0.16866473853588104,0.1612931489944458,0.032174391938439406,0.5010343194007874,0.15872458587341604,264
-0.003839104901999235,0.16218315064907074,0.16744962334632874,0.03652493124445595,0.5012111067771912,0.1587405445086336,265
0.019799116998910904,0.18673595786094666,0.16363337635993958,0.0393236757492183,0.49211937189102173,0.1466438990137563,266
-0.036628950387239456,0.19810833036899567,0.16405493021011353,0.03757062085498142,0.48597249388694763,0.15325077399380807,267
-0.07564334571361542,0.19285838305950165,0.15081417560577393,0.03904170274799028,0.48965585231781006,0.1373240560467269,268
-0.07541491091251373,0.19933632016181946,0.15763232111930847,0.035638706154502375,0.4815736711025238,0.14257444703328967,269
-0.13356880843639374,0.17714856564998627,0.14026924967765808,0.03572555101340371,0.49843260645866394,0.14425010373112887,270
-0.08132460713386536,0.1730966866016388,0.1516990065574646,0.03393502799668484,0.4915211498737335,0.1549583479620823,271
-0.062484826892614365,0.18117843568325043,0.14705869555473328,0.032146280607069894,0.4930987060070038,0.1364782483801985,272
-0.056040141731500626,0.14935851097106934,0.15397751331329346,0.03538861129559203,0.4976905584335327,0.13410041173278864,273
-0.053081344813108444,0.18347015976905823,0.14811384677886963,0.034443284652848176,0.4888801872730255,0.1495483706233442,274
-0.1060459241271019,0.1744551956653595,0.14284053444862366,0.03271573796797914,0.4925706386566162,0.13414828763844108,275
-0.06258657574653625,0.15776321291923523,0.14833441376686096,0.0346391817132488,0.4942323565483093,0.11091251476173758,276
-0.07414152473211288,0.1747530847787857,0.1425551474094391,0.03172902452530283,0.4926345646381378,0.08268168906195134,277
-0.1238391175866127,0.14764751493930817,0.1265905499458313,0.032710275373787435,0.4998442828655243,0.07269158341578628,278
-0.13374696671962738,0.1318545937538147,0.10515175014734268,0.030405324883202828,0.5022404193878174,0.07913887204366277,279
-0.13569994270801544,0.10338144749403,0.09384646266698837,0.024298076372915648,0.5061841607093811,0.10042769142382947,280
-0.06417824327945709,0.062445852905511856,0.09222003072500229,0.022657720552450807,0.5053938031196594,0.12691902588490636,281
-0.032817497849464417,0.057891640812158585,0.10516666620969772,0.022175246599117127,0.4962841868400574,0.13175449235581366,282
-0.10154357552528381,0.05236346274614334,0.12385199218988419,0.024147261107338863,0.5045682191848755,0.15446363027033921,283
-0.0967392846941948,0.10209017992019653,0.13977590203285217,0.025037269725869633,0.5044006705284119,0.1458778845233155,284
-0.06675142794847488,0.1160375326871872,0.1574496328830719,0.02809561020255945,0.5104222297668457,0.2398742459544859,285
0.029308348894119263,0.14807367324829102,0.15415582060813904,0.03301299617046989,0.5047526359558105,0.28009000670262674,286
-0.2404881864786148,-0.10014032572507858,0.21054989099502563,0.05156103596228696,0.5572609901428223,0.2932239634866426,287
0.055125024169683456,0.046895623207092285,0.2703721225261688,0.04502137373830413,0.5653836131095886,0.28241996744438413,288
0.3410714566707611,0.11613275855779648,0.29535889625549316,0.04891413200562061,0.5714908242225647,0.291628099964891,289
0.6007847785949707,0.07413069158792496,0.27224990725517273,0.11833905709849166,0.5623074769973755,0.32394433628036123,290
0.5442327260971069,0.18662917613983154,0.29019278287887573,0.13997824312544352,0.5430272221565247,0.3156618046024704,291
0.2839166224002838,0.13190574944019318,0.31437981128692627,0.1330558744061706,0.5615512728691101,0.32319428042513804,292
0.3719017207622528,0.2994707524776459,0.3343207836151123,0.09957399164480561,0.557022750377655,0.3150075005585522,293
0.44006431102752686,0.26950615644454956,0.3302367329597473,0.11111682764309577,0.561143696308136,0.32261976955730737,294
0.5463812947273254,0.2660212218761444,0.31628942489624023,0.16261418588908394,0.547088623046875,0.32314640451948545,295
0.4377825856208801,0.32228460907936096,0.3271033763885498,0.14522315802750613,0.5341374278068542,0.34899939357186166,296
0.3260682225227356,0.33236655592918396,0.32457080483436584,0.13875747809377806,0.5377151966094971,0.35243050014362765,297
0.2889680862426758,0.3215639293193817,0.3467646837234497,0.1368401436725619,0.5435672998428345,0.3428393603779005,298
0.33571863174438477,0.36220583319664,0.3563148081302643,0.13306644719104974,0.5462910532951355,0.3565797453001819,299
0.39985528588294983,0.3736274242401123,0.3537128269672394,0.14440903310027675,0.5429080724716187,0.3384188184226484,300
0.3686116635799408,0.3038520812988281,0.3556402921676636,0.18156298717653654,0.5521377921104431,0.3486163863266414,301
0.3177448809146881,0.31991079449653625,0.355247437953949,0.1605377750319671,0.5595808625221252,0.36138329450065415,302
0.43252044916152954,0.3827669620513916,0.3675898015499115,0.12523995542268349,0.5549085736274719,0.35817560882193367,303
0.5059764981269836,0.28027620911598206,0.3518194258213043,0.17453847963256028,0.5604004859924316,0.37767706105773824,304
0.5392926931381226,0.3562316596508026,0.36230552196502686,0.1861803953537269,0.539049506187439,0.37012862659985324,305
0.36577317118644714,0.34321194887161255,0.3743932247161865,0.17755921810342615,0.551025927066803,0.36246848169544543,306
0.44193339347839355,0.41660743951797485,0.37985655665397644,0.17152297261332689,0.5394830703735352,0.363697296607194,307
0.3956105709075928,0.40228208899497986,0.3698159158229828,0.1730089716383076,0.5427252054214478,0.3552392199419106,308
0.4374677538871765,0.399590402841568,0.3672732412815094,0.19839384194389173,0.5317963361740112,0.3362165267626313,309
0.3233364224433899,0.39926835894584656,0.35975900292396545,0.17769610361846208,0.536960780620575,0.3486163863266414,310
0.3135514259338379,0.40450868010520935,0.35091879963874817,0.16035975460128152,0.536985456943512,0.35046758801187317,311
0.3470216691493988,0.38973289728164673,0.35273879766464233,0.15486535453011877,0.5363994240760803,0.34840892406881363,312
0.37142595648765564,0.3791465759277344,0.3489188551902771,0.16054888144765744,0.5359531044960022,0.35062717436404833,313
0.34920966625213623,0.38301634788513184,0.3534250259399414,0.15747840890302317,0.5313510298728943,0.33211515751172954,314
0.3317396342754364,0.3964664041996002,0.35403281450271606,0.15598050149512566,0.528121292591095,0.2926015767131595,315
0.24837243556976318,0.36168840527534485,0.3375793993473053,0.1630639121458469,0.5433704257011414,0.3156458459672528,316
0.2857852876186371,0.3850443959236145,0.3219635486602783,0.13821422533743918,0.5394603610038757,0.3378921834604705,317
0.3480623662471771,0.3644573390483856,0.3220503330230713,0.1213305279986171,0.5358379483222961,0.34394050620790906,318
0.40098920464515686,0.31847459077835083,0.32113057374954224,0.14242115986190926,0.5347357988357544,0.3509782643388338,319
0.3816226124763489,0.37453028559684753,0.34223657846450806,0.13321882045767677,0.5076882839202881,0.35404232230059685,320
0.2417255938053131,0.3782251179218292,0.34378716349601746,0.14454076844910535,0.5156948566436768,0.35078676071622344,321
0.2524122893810272,0.40529492497444153,0.35262343287467957,0.15066207962621106,0.5064979791641235,0.3379081420956879,322
0.1969786435365677,0.4123263359069824,0.3485186696052551,0.1430125116554057,0.5136352777481079,0.3419775940761546,323
0.26392850279808044,0.4165901839733124,0.34046420454978943,0.1497985822838191,0.5036410689353943,0.3407487791644058,324
0.1837519258260727,0.38717159628868103,0.33427542448043823,0.15927880805605535,0.5174992084503174,0.38204972710733764,325
0.21482881903648376,0.41025814414024353,0.342410683631897,0.14028211821738276,0.5118365287780762,0.3877150426095559,326
0.16331954300403595,0.3704494535923004,0.36555248498916626,0.14428144730303794,0.5375455617904663,0.3912099837221922,327
0.32656726241111755,0.406377911567688,0.38440537452697754,0.15989749780788592,0.5374463796615601,0.3831987488429989,328
0.3487250804901123,0.41966983675956726,0.3956923484802246,0.16676705803716824,0.5402268767356873,0.381347547157767,329
0.42362987995147705,0.4299992024898529,0.38795024156570435,0.20430924581588522,0.535280168056488,0.3837732597108296,330
0.3867521286010742,0.4290201961994171,0.3852168917655945,0.20514512111920064,0.5323129892349243,0.3855765854904088,331
0.35843995213508606,0.43286097049713135,0.3847748339176178,0.19636890281171443,0.5319244265556335,0.3629631993871885,332
0.35073021054267883,0.4320470988750458,0.3860664367675781,0.19005049501028348,0.5330761671066284,0.36676135456895725,333
0.33479732275009155,0.4247487783432007,0.37172359228134155,0.1932880464859254,0.5371018052101135,0.35790431202323575,334
0.3874220550060272,0.440777450799942,0.37611666321754456,0.17670468272671416,0.5205897092819214,0.3587182024193291,335
0.33305782079696655,0.4129289388656616,0.35305309295654297,0.1849878103869658,0.5293758511543274,0.34563212154096584,336
0.34518200159072876,0.41704922914505005,0.3624498248100281,0.17646040897791973,0.5119009017944336,0.3319555711595544,337
0.23163928091526031,0.4150004982948303,0.3453570604324341,0.16086606512063392,0.5220489501953125,0.30975710957198943,338
0.23743893206119537,0.40177223086357117,0.33874231576919556,0.15722519326605108,0.5243912935256958,0.32054514697903025,339
0.2402198612689972,0.400522381067276,0.3210638761520386,0.14069595562347967,0.5252706408500671,0.3026395582649771,340
0.27683839201927185,0.37617233395576477,0.32194873690605164,0.13228517420692693,0.5231638550758362,0.31537454916855506,341
0.26868847012519836,0.35960665345191956,0.3043687343597412,0.13278275716917584,0.5252987146377563,0.28744693753790174,342
0.25050827860832214,0.355477899312973,0.3187018632888794,0.12159189885422576,0.5178225040435791,0.2939421020714308,343
0.19220419228076935,0.3531586229801178,0.2928783595561981,0.11897646329013141,0.528916597366333,0.318310938048578,344
0.2514140009880066,0.35346078872680664,0.30389413237571716,0.10811676986686443,0.515896737575531,0.32818933324822064,345
0.21958932280540466,0.31871479749679565,0.3049578070640564,0.1170842003507635,0.5302953124046326,0.3457119147170534,346
0.26512014865875244,0.3423192799091339,0.32616373896598816,0.11488038359334272,0.525080680847168,0.3604098177523859,347
0.23525021970272064,0.34845754504203796,0.3425193428993225,0.12116819750954912,0.533778727054596,0.361096039066739,348
0.30405092239379883,0.36204981803894043,0.3572880029678345,0.14223702503482613,0.5367641448974609,0.34226484951006986,349
0.33977630734443665,0.3946990370750427,0.36532384157180786,0.14666409602551717,0.5344830751419067,0.33658357537263406,350
0.3645589053630829,0.40597355365753174,0.35226839780807495,0.16022314750543828,0.5291126370429993,0.33214707478216465,351
0.34829381108283997,0.39754337072372437,0.3424225449562073,0.1690163316326399,0.5206729173660278,0.33492387731001244,352
0.29929667711257935,0.4038817882537842,0.33359578251838684,0.15285591116570318,0.5124171376228333,0.358622450608024,353
0.23423607647418976,0.38841021060943604,0.3311583399772644,0.14268345443574298,0.5154945850372314,0.35067505026970086,354
0.23128443956375122,0.3823724091053009,0.3490854501724243,0.14470891393899915,0.5186578631401062,0.34572787335227084,355
0.23593731224536896,0.4053429067134857,0.3507828116416931,0.13904662412158175,0.5214526653289795,0.33541859500175547,356
0.252159982919693,0.3977494537830353,0.35019561648368835,0.14945744499223337,0.5245606899261475,0.3503399189301331,357
0.3004729449748993,0.41036227345466614,0.34111958742141724,0.15427198812418408,0.5166993737220764,0.34405221665443164,358
0.24538032710552216,0.3839528560638428,0.34432920813560486,0.1528667763771755,0.5252825617790222,0.3663783473237369,359
0.26475900411605835,0.3952351212501526,0.34547629952430725,0.14931145153606873,0.5261126160621643,0.36917110848680224,360
0.23224784433841705,0.3736599087715149,0.3632048964500427,0.14810778023212784,0.5384414196014404,0.3768631706616449,361
0.3433799743652344,0.405318021774292,0.37101200222969055,0.15429059903239115,0.5372397303581238,0.36205355717979,362
0.3300977647304535,0.3737662434577942,0.37722253799438477,0.17053168593624551,0.5477669835090637,0.3864862276978073,363
0.40306800603866577,0.40593385696411133,0.37512755393981934,0.18086900249346213,0.5430303812026978,0.38292745204430106,364
0.41512930393218994,0.414241760969162,0.38710227608680725,0.17108688758364698,0.5391143560409546,0.37869841371165924,365
0.4390765130519867,0.4088677167892456,0.37797969579696655,0.1990176444258914,0.5378592014312744,0.38264019661038584,366
0.38252824544906616,0.4116998314857483,0.3846471905708313,0.2003476325018623,0.5326032638549805,0.37191599374421486,367
0.34570756554603577,0.4362459182739258,0.3861738443374634,0.18646708286341368,0.5315130352973938,0.3970348855765856,368
0.32294487953186035,0.4188697636127472,0.3750613331794739,0.18819178145872892,0.5413422584533691,0.40536529316012887,369
0.3893837630748749,0.4184819459915161,0.3958209753036499,0.19043677536848996,0.5363656878471375,0.4099613801027737,370
0.3635052740573883,0.41342660784721375,0.3985278904438019,0.19702649021353408,0.5475195646286011,0.4207813347802496,371
0.437456876039505,0.4426984190940857,0.4143472909927368,0.20035629195932278,0.5393349528312683,0.42900003191727043,372
0.43517589569091797,0.4442225396633148,0.4164051115512848,0.2229459264737376,0.541395902633667,0.4275477961124764,373
0.46395304799079895,0.4609459638595581,0.424599289894104,0.24115633697832023,0.531900942325592,0.43110657176598266,374
0.39076924324035645,0.4612838327884674,0.4241587221622467,0.24637839873568074,0.5371056795120239,0.4218186460693881,375
0.3983989357948303,0.4756762981414795,0.43171119689941406,0.24531739528017177,0.5348079204559326,0.4258242635089848,376
0.3985379934310913,0.48308178782463074,0.4240702688694,0.23937345775713298,0.5370848774909973,0.40482269956273337,377
0.4086982011795044,0.4623850882053375,0.4242557883262634,0.25646577275137544,0.5405919551849365,0.38096453991254664,378
0.36453160643577576,0.4523167312145233,0.4120584726333618,0.25192372399794377,0.5501576662063599,0.3884331811943441,379
0.4239785969257355,0.48087939620018005,0.4054807722568512,0.2059111441814181,0.5426260828971863,0.39695509240049803,380
0.45364534854888916,0.43097397685050964,0.3889670968055725,0.2200203916113948,0.5462704300880432,0.39149723915610735,381
0.48725032806396484,0.4243646264076233,0.39268064498901367,0.23022035905614988,0.5337969660758972,0.4056525485940443,382
0.39131996035575867,0.44116172194480896,0.39373844861984253,0.20123447374424636,0.5296592712402344,0.4046790718457758,383
0.3486053943634033,0.42877501249313354,0.40096986293792725,0.21231858592497077,0.53507399559021,0.42113242475503504,384
0.37715885043144226,0.45744168758392334,0.4056994318962097,0.20478890972218272,0.5307968258857727,0.4187067122019725,385
0.36991187930107117,0.44795551896095276,0.41504138708114624,0.2107000480480439,0.5354152321815491,0.41832370495675214,386
0.38427379727363586,0.44525840878486633,0.41511446237564087,0.23998160171384264,0.5408515334129333,0.4274201270307364,387
0.41243577003479004,0.4787847399711609,0.4255087971687317,0.2168006069399366,0.5305085182189941,0.4214835147298202,388
0.3925265669822693,0.45592373609542847,0.4192451536655426,0.24171903270411885,0.5417729616165161,0.42793080335769673,389
0.4574378728866577,0.4780111312866211,0.4240037500858307,0.24747304617819663,0.5264291167259216,0.4164405860010851,390
0.3734813630580902,0.46762311458587646,0.42269396781921387,0.24107211090571465,0.5329836010932922,0.41114231910886984,391
0.41079220175743103,0.4809151291847229,0.4180217385292053,0.24671057907179267,0.5242928266525269,0.40994542146755614,392
0.35986173152923584,0.4729298949241638,0.4112108051776886,0.23461219872759984,0.524472177028656,0.42004723756024376,393
0.3612001836299896,0.46776771545410156,0.406416118144989,0.238886216636789,0.5233617424964905,0.4173661868437012,394
0.34561434388160706,0.4671558737754822,0.41368523240089417,0.22367999033560357,0.5221195816993713,0.4240528549998404,395
0.33758544921875,0.4665248394012451,0.411855548620224,0.2255696255803099,0.5265297293663025,0.4396763588777887,396
0.3467513620853424,0.464847594499588,0.41996821761131287,0.23260330634000978,0.5275255441665649,0.3994605981296479,397
0.3588655889034271,0.4728688597679138,0.4306143522262573,0.2347489965098797,0.5309649109840393,0.4090996138010276,398
0.3499239981174469,0.4783901274204254,0.40843552350997925,0.23753817291008794,0.5374791026115417,0.4309629440490248,399
0.3981437683105469,0.4713904857635498,0.41656219959259033,0.2333133052942666,0.5284655690193176,0.4248667453959338,400
0.40842562913894653,0.46621665358543396,0.41586053371429443,0.23669047152412725,0.5323372483253479,0.43816028853212463,401
0.4105740785598755,0.4674415588378906,0.42087632417678833,0.23419683575703878,0.5263595581054688,0.4469056206313237,402
0.37103793025016785,0.4668547809123993,0.43160539865493774,0.24685029330405547,0.5263495445251465,0.4537518751396381,403
0.3604649305343628,0.4819958508014679,0.4373793601989746,0.2520581924374129,0.5312226414680481,0.457518113050972,404
0.3593904674053192,0.4842454791069031,0.44724297523498535,0.2532359706315918,0.5395044088363647,0.45620950496313556,405
0.4049225151538849,0.48858076333999634,0.4538384675979614,0.27171457477710526,0.5456048846244812,0.4687689508793209,406
0.44311994314193726,0.49571746587753296,0.45713484287261963,0.27700511143613576,0.5490740537643433,0.45866713478663296,407
0.5116645693778992,0.5083590745925903,0.4656487703323364,0.2820765467225558,0.5429582595825195,0.48059429957550015,408
0.4906446039676666,0.4893325865268707,0.45345789194107056,0.31602307304169347,0.5485085844993591,0.4828923430468227,409
0.5095048546791077,0.507556140422821,0.476306676864624,0.30872372988867425,0.5360626578330994,0.4951804921643102,410
0.45306771993637085,0.5130537152290344,0.4715890884399414,0.30627118702393097,0.5460172295570374,0.5087612907344162,411
0.4977802336215973,0.5150236487388611,0.48937809467315674,0.3264080711490777,0.5416395664215088,0.48369027480769855,412
0.4757007956504822,0.5228107571601868,0.49766218662261963,0.3408753069762659,0.5481743216514587,0.48696179502728937,413
0.4935699999332428,0.5401387810707092,0.4903714656829834,0.34046413916961904,0.5486451387405396,0.48033896141202015,414
0.5162301659584045,0.535515308380127,0.49051445722579956,0.34390959020290124,0.5462867617607117,0.5089687529922442,415
0.5330443382263184,0.5327874422073364,0.4765644669532776,0.3558841275675964,0.5446115136146545,0.5105646165139958,416
0.5198982357978821,0.5213789343833923,0.4961255192756653,0.34698906624153936,0.5402856469154358,0.5150809102805527,417
0.4991758465766907,0.5341519713401794,0.4987778067588806,0.3525323244213923,0.5422959923744202,0.49701573521432457,418
0.48946115374565125,0.5383667945861816,0.5105820894241333,0.35727370564765737,0.5415419340133667,0.505569563690913,419
0.48746901750564575,0.5489962697029114,0.4974792003631592,0.3716951187748459,0.5443491339683533,0.5182885959592736,420
0.5131706595420837,0.5481716394424438,0.5035595297813416,0.3624858261945987,0.5385720729827881,0.5185279754875363,421
0.5030252933502197,0.5387599468231201,0.5026633739471436,0.37834344654936075,0.544632077217102,0.5190386518144969,422
0.5309363603591919,0.5511255264282227,0.5137109756469727,0.3681906539333158,0.5332374572753906,0.5171555328588299,423
0.47863438725471497,0.5439906716346741,0.5087633728981018,0.3836056897272048,0.5400919318199158,0.5154320002553382,424
0.49773353338241577,0.5526606440544128,0.5117165446281433,0.39258174229372517,0.5355386734008789,0.521576074814082,425
0.411383718252182,0.5423368215560913,0.5064568519592285,0.3821363030317082,0.5532298684120178,0.5094953879544221,426
0.5284271240234375,0.5674323439598083,0.5250499248504639,0.35883573635591076,0.546784520149231,0.5160065111231689,427
0.5535873174667358,0.5595632791519165,0.5067653656005859,0.3723394636676967,0.548843264579773,0.5145702339535924,428
0.5802332758903503,0.5409475564956665,0.5086729526519775,0.4221455200688769,0.5386078953742981,0.5084580766652835,429
0.5111954808235168,0.5515815615653992,0.506943941116333,0.3916617003420116,0.5339791178703308,0.4998244550126072,430
0.45356711745262146,0.5479319095611572,0.5027865171432495,0.36882289872933316,0.5396046042442322,0.5118413073313971,431
0.4907306134700775,0.5514939427375793,0.498507022857666,0.3701811629226755,0.5353940725326538,0.5102454438096454,432
0.48456013202667236,0.5423545241355896,0.5006240010261536,0.3700069228438826,0.536660373210907,0.5106444096900834,433
0.4859953224658966,0.5436339974403381,0.5003547072410583,0.37325999150342054,0.5366412401199341,0.507085634036577,434
0.47525906562805176,0.5453446507453918,0.5053517818450928,0.36173069786944306,0.5342339277267456,0.5184481823114487,435
0.467757910490036,0.545006275177002,0.49922680854797363,0.373127281612478,0.5382035970687866,0.5305927037119786,436
0.49458232522010803,0.5477792620658875,0.5096170902252197,0.36846813077194307,0.5323456525802612,0.5225495515623505,437
0.4753663241863251,0.5450530052185059,0.5139374732971191,0.3793753967266949,0.5388975739479065,0.5180013405253584,438
0.49688708782196045,0.5549328923225403,0.5181884169578552,0.38479818804369154,0.5340578556060791,0.5169959465066547,439
0.4646669328212738,0.5532941818237305,0.5121294856071472,0.38925222342920385,0.5391347408294678,0.4906163224921005,440
0.4786721467971802,0.5554001331329346,0.5104740262031555,0.39446746556687706,0.542190432548523,0.4939835945229965,441
0.3967227339744568,0.5332440137863159,0.4908753037452698,0.38255940457759174,0.561119556427002,0.4942389326864765,442
0.5610928535461426,0.5725866556167603,0.5096400380134583,0.32301956377015995,0.5464994311332703,0.4784079665507006,443
0.5666095018386841,0.5293882489204407,0.48150867223739624,0.36026365631876667,0.5561949610710144,0.4975583288117201,444
0.6116666793823242,0.5288420915603638,0.4803491234779358,0.39673541210457774,0.5305604338645935,0.5008936835721809,445
0.46916815638542175,0.5243104696273804,0.4858030676841736,0.3489562877924223,0.5309590697288513,0.47196067792282415,446
0.45120730996131897,0.5322381258010864,0.4874233603477478,0.3420168201506043,0.5327016711235046,0.4721840988158693,447
0.4232800602912903,0.533547580242157,0.47471195459365845,0.33086880226499876,0.5345969796180725,0.4571989403466217,448
0.44685375690460205,0.529384195804596,0.47135114669799805,0.33400210391259194,0.5304968357086182,0.47492898407328193,449
0.4207862615585327,0.5216321349143982,0.45125240087509155,0.326361423835487,0.5379973649978638,0.4709872011745556,450
0.4544026851654053,0.5160000324249268,0.46885961294174194,0.2996413911033449,0.5293952822685242,0.47717915163895175,451
0.44096848368644714,0.5139876008033752,0.4591514468193054,0.3060472036421669,0.5344887375831604,0.46351855989275786,452
0.45845216512680054,0.5117584466934204,0.4708569049835205,0.312480044806305,0.5242906808853149,0.46251316587405444,453
0.3978307247161865,0.5153371691703796,0.45636504888534546,0.31485987956084666,0.5306183099746704,0.4298937154894514,454
0.40197113156318665,0.5154366493225098,0.4598526954650879,0.3012025372247985,0.5279006958007812,0.45008138903960937,455
0.372094988822937,0.512148380279541,0.43239927291870117,0.2934604360911414,0.5373011827468872,0.4564808017618334,456
0.4320887625217438,0.5011849403381348,0.4478585124015808,0.27650633323564733,0.5281515717506409,0.43702722543168093,457
0.43259215354919434,0.49823856353759766,0.4415910840034485,0.276656231147066,0.5322608947753906,0.43120232357728755,458
0.4201321005821228,0.49219653010368347,0.43828582763671875,0.27941698624447475,0.5264961123466492,0.4102486355366889,459
0.3889749050140381,0.49629470705986023,0.43265771865844727,0.270963041045446,0.519419252872467,0.40692923941144565,460
0.34835243225097656,0.4911213517189026,0.4091637134552002,0.2575885745105574,0.5235856771469116,0.374293830391625,461
0.345701664686203,0.47500842809677124,0.4065939784049988,0.24258709991214314,0.5207843780517578,0.3832785420190865,462
0.2945771813392639,0.4658133089542389,0.3786090016365051,0.2253693711184439,0.5290229916572571,0.41663208962369536,463
0.3310377299785614,0.454527348279953,0.3879157602787018,0.19698234353235522,0.5211599469184875,0.4253774217228941,464
0.33973217010498047,0.43390414118766785,0.3972930908203125,0.20239439911348958,0.5313311815261841,0.44060195972040483,465
0.3792598843574524,0.4478903114795685,0.41590386629104614,0.2073669360938031,0.5266179442405701,0.4498579681465642,466
0.36572691798210144,0.462891548871994,0.4330298900604248,0.22025844387033075,0.5254068374633789,0.4377294053812519,467
0.38219499588012695,0.4777069687843323,0.4391530752182007,0.25134638773417733,0.5272448658943176,0.443235134531295,468
0.3777605891227722,0.49140870571136475,0.43700486421585083,0.25666882969080207,0.5254455804824829,0.4516293766557083,469
0.36989110708236694,0.48896703124046326,0.4383254051208496,0.2651090986593126,0.5277332663536072,0.4339791261051356,470
0.37677866220474243,0.4897732138633728,0.4415721893310547,0.27144023057932853,0.5333489775657654,0.44722479333567405,471
0.37634503841400146,0.49539321660995483,0.4366125464439392,0.2604896611046789,0.5370835065841675,0.4494749609013436,472
0.428682804107666,0.4947274923324585,0.4454640746116638,0.26105847487701017,0.532230019569397,0.4526826465800644,473
0.4420235753059387,0.49154946208000183,0.43945276737213135,0.2781076268091392,0.5337747931480408,0.45964061153490154,474
0.4373270273208618,0.49259018898010254,0.4477609395980835,0.27698511752730487,0.5252684950828552,0.46642303150234593,475
0.4039348065853119,0.4977569282054901,0.44984060525894165,0.278692166113074,0.5246841907501221,0.46433245028885123,476
0.3886130452156067,0.4989193379878998,0.4546850323677063,0.28672116822077304,0.5276997089385986,0.46961475854584916,477
0.40243133902549744,0.5099071264266968,0.4583134055137634,0.2835993071956554,0.5239964127540588,0.4818709903929015,478
0.399179071187973,0.5072631239891052,0.4591480493545532,0.29442443632466103,0.5264439582824707,0.4824455012607321,479
0.4179871082305908,0.5103021860122681,0.4680141806602478,0.3076603506732589,0.5248125791549683,0.48570106284510534,480
0.40469205379486084,0.5173409581184387,0.4718335270881653,0.3039050821502735,0.5254658460617065,0.4740193418658837,481
0.41549959778785706,0.5194505453109741,0.47609078884124756,0.3148618800371071,0.5244103074073792,0.46430053301841634,482
0.4150729775428772,0.5235766768455505,0.46678626537323,0.3239818706207112,0.5235508680343628,0.4809773068207208,483
0.3901352882385254,0.5191740989685059,0.458961546421051,0.3186326545309201,0.5246062874794006,0.4701254348728098,484
0.40153878927230835,0.5172383785247803,0.4675641655921936,0.3093495687201512,0.5243948101997375,0.47221601608630415,485
0.39116790890693665,0.517382025718689,0.45974260568618774,0.30673200026763714,0.5318557024002075,0.4806421754811529,486
0.41955113410949707,0.5160559415817261,0.4685390591621399,0.3055705588333722,0.5268921256065369,0.47753024161373725,487
0.42973390221595764,0.5195267796516418,0.46831589937210083,0.30999535263138167,0.5269917249679565,0.48212632855638177,488
0.4275088310241699,0.5164918303489685,0.4672829508781433,0.3167139572306902,0.5266186594963074,0.46860936452714574,489
0.4118265211582184,0.5167194604873657,0.4727479815483093,0.3199247103429639,0.5257742404937744,0.473317161916313,490
0.4054323732852936,0.5250868797302246,0.4635758399963379,0.3101272335017658,0.5251967906951904,0.46465162299320156,491
0.41815561056137085,0.5174245238304138,0.4646872878074646,0.309945614483767,0.5219195485115051,0.4612524336918707,492
0.4238678812980652,0.5167847871780396,0.4546106457710266,0.31418742948849493,0.5166802406311035,0.48437649612205164,493
0.34052515029907227,0.5022437572479248,0.45005571842193604,0.31236998207939337,0.5274223685264587,0.48276467396508244,494
0.3807877004146576,0.5162015557289124,0.472259521484375,0.28889103352763995,0.5240167379379272,0.4640292362197185,495
0.3929613530635834,0.5191124677658081,0.4693043828010559,0.2900985915312519,0.5347896814346313,0.46694966646452385,496
0.44623494148254395,0.5164992213249207,0.46442264318466187,0.3239792819336449,0.529833197593689,0.4688966199610609,497
0.4439832270145416,0.5219288468360901,0.4633018970489502,0.3114937364486532,0.5177841782569885,0.459991701509687,498
0.3916294276714325,0.5098843574523926,0.45260506868362427,0.31237933128521417,0.5277037620544434,0.4539114614918133,499
0.39090579748153687,0.5099708437919617,0.4549962282180786,0.30468207135279096,0.5251556038856506,0.4371070186077685,500
0.36317262053489685,0.5125501155853271,0.4508269429206848,0.28353066287997597,0.5292647480964661,0.45638504995052825,501
0.397858589887619,0.5091090202331543,0.4372550845146179,0.2841200141561239,0.5304694175720215,0.45062398263700487,502
0.4243191182613373,0.49648040533065796,0.4469448924064636,0.2821922555832962,0.5254107713699341,0.4275477961124764,503
0.40152227878570557,0.4976111650466919,0.44045573472976685,0.28072907771964883,0.5285376906394958,0.443235134531295,504
0.3657552897930145,0.4945695996284485,0.43248414993286133,0.2712391267916918,0.5287373065948486,0.4475758833104592,505
0.37096107006073,0.49127787351608276,0.43810027837753296,0.2660497101621615,0.5307025909423828,0.43073952315597963,506
0.2300039827823639,0.4133867025375366,0.4320775866508484,0.2814946963482889,0.564505398273468,0.44679391018480097,507
0.48944103717803955,0.5236071944236755,0.4567423462867737,0.2108348984454326,0.5510865449905396,0.4551562350387794,508
0.5276567935943604,0.45727312564849854,0.43997853994369507,0.2483089227239887,0.5621928572654724,0.466087900162778,509
0.6337648034095764,0.45546141266822815,0.44203346967697144,0.33781219702694826,0.5414766073226929,0.4654814720245125,510
0.4959469735622406,0.48961520195007324,0.4587578773498535,0.28835915847467775,0.5352990031242371,0.4861957805368484,511
0.4540189802646637,0.5036338567733765,0.4593694806098938,0.2929431766673357,0.5338956713676453,0.4489323673039481,512
0.4286539554595947,0.49999552965164185,0.47350603342056274,0.3085019776318759,0.5384290814399719,0.46648686604321593,513
0.4251940846443176,0.5235726833343506,0.4553226828575134,0.3011345302026123,0.5403885841369629,0.4532252401774599,514
0.44565337896347046,0.5101382732391357,0.4663485884666443,0.29456527832582863,0.5385786890983582,0.4537359165044205,515
0.4693687856197357,0.5098487734794617,0.44724172353744507,0.31325661654696096,0.5427535176277161,0.4524911429574544,516
0.4598827660083771,0.501859724521637,0.45567458868026733,0.29044488173201594,0.5366780161857605,0.4741470109476237,517
0.4551641643047333,0.5061222910881042,0.44852668046951294,0.2904973384636295,0.5359606146812439,0.44982605087612904,518
0.44922876358032227,0.494142085313797,0.46111196279525757,0.29577994201811375,0.5364530086517334,0.47979636781462437,519
0.4324427843093872,0.5093188285827637,0.4504741430282593,0.2939189032481339,0.5371571183204651,0.4785515942676582,520
0.42552921175956726,0.49930500984191895,0.4718180298805237,0.292296832478606,0.5383595824241638,0.46961475854584916,521
0.4710862934589386,0.5207344889640808,0.4683719277381897,0.3031893827230075,0.5389633774757385,0.47550349494111255,522
0.4686010777950287,0.5146358013153076,0.46958476305007935,0.3070988295912433,0.5350698232650757,0.4668060387475662,523
0.46400684118270874,0.5137562155723572,0.46798861026763916,0.33265818569873606,0.5330802202224731,0.47376400370240335,524
0.41965946555137634,0.5186718106269836,0.46206915378570557,0.3138765788576121,0.5366063117980957,0.485254221059015,525
0.43491843342781067,0.5183576941490173,0.46984606981277466,0.29910149768543287,0.5358052849769592,0.47551945357633013,526
0.4422295093536377,0.5084413886070251,0.4723685383796692,0.32035445106911536,0.544242262840271,0.4851425106124923,527
0.48688429594039917,0.5284316539764404,0.4769229292869568,0.31077538158085855,0.535732090473175,0.4885895758194758,528
0.46084415912628174,0.5162258148193359,0.4771476984024048,0.3236382530042868,0.5404322743415833,0.4768440202993839,529
0.4914185404777527,0.5244418382644653,0.4804863929748535,0.3407258955008611,0.5358530879020691,0.4707956975519453,530
0.4479176998138428,0.527714729309082,0.4755270481109619,0.3216263679711545,0.5368877649307251,0.47310969965848515,531
0.4648720920085907,0.5263088345527649,0.46966928243637085,0.32741572020774984,0.5330341458320618,0.48598831827902084,532
0.4479570984840393,0.5183690786361694,0.4646952152252197,0.32804924689136294,0.5346714854240417,0.4813124381602884,533
0.45012590289115906,0.5190848112106323,0.4755589962005615,0.31543616547201336,0.5322163105010986,0.4898503080016596,534
0.4282963275909424,0.5193010568618774,0.47314637899398804,0.31753020462696624,0.538152277469635,0.49494111263604745,535
0.4510304033756256,0.5219190120697021,0.48438745737075806,0.32545546120242747,0.5370842814445496,0.5148734480227252,536
0.44038766622543335,0.5246123671531677,0.4858042001724243,0.3324240102824932,0.5455228686332703,0.5026012575404553,537
0.4992361068725586,0.5355321168899536,0.506248414516449,0.3327959830649247,0.5424795746803284,0.49064823976253535,538
0.5150899291038513,0.5431603193283081,0.4980786442756653,0.3539575500472612,0.5433852672576904,0.4920206823912418,539
0.5143873691558838,0.5378299355506897,0.4926552176475525,0.37614895647502217,0.5377759337425232,0.5065749577096167,540
0.46632158756256104,0.5361407995223999,0.4865354895591736,0.36734862568582743,0.5412261486053467,0.4970316938495419,541
0.4706464409828186,0.5386466979980469,0.497718870639801,0.3400056449792746,0.5435258150100708,0.4976859978934601,542
0.5055097341537476,0.542676568031311,0.49405211210250854,0.3419004847119369,0.5430354475975037,0.5083623248539784,543
0.521592915058136,0.5349671244621277,0.4943438172340393,0.36565638982494403,0.5373854041099548,0.5004468417860906,544
0.49767589569091797,0.5364067554473877,0.49698513746261597,0.37087361430459176,0.5354330539703369,0.4986275573712935,545
0.4623519480228424,0.5413155555725098,0.4946657419204712,0.35359412542370716,0.536982536315918,0.5010053940187036,546
0.4742717444896698,0.5418210625648499,0.49561429023742676,0.3515874532450346,0.5338130593299866,0.49214835147298214,547
0.4716653823852539,0.5376534461975098,0.4910946488380432,0.3646327973232093,0.5362787246704102,0.4846797101911844,548
0.4641619324684143,0.5391414165496826,0.4881163239479065,0.35559593255646466,0.5350678563117981,0.47028502122498494,549
0.45371213555336,0.5379175543785095,0.4826927185058594,0.34158326139317047,0.5345867276191711,0.44634706839871063,550
0.4464382529258728,0.5300965309143066,0.4675081968307495,0.34389849835738423,0.5381211042404175,0.4572148989818389,551
0.41380277276039124,0.5180455446243286,0.4510565996170044,0.3271961127849275,0.5438702702522278,0.4562254635983531,552
0.4508066177368164,0.5176416635513306,0.45837610960006714,0.28873187153244834,0.5410004258155823,0.4525390188631068,553
0.46839937567710876,0.49958285689353943,0.4489477872848511,0.29111730685048487,0.5474455952644348,0.46034279148447216,554
0.5033918023109436,0.4976109564304352,0.45354288816452026,0.29769227449495667,0.5380890965461731,0.39041205196131634,555
0.47574862837791443,0.5043050050735474,0.4548569321632385,0.29074266907307866,0.5323781371116638,0.39879033545051235,556
0.3174700140953064,0.46312040090560913,0.4018011689186096,0.30392920091107123,0.5554027557373047,0.3748364239890205,557
0.4427407383918762,0.5027872323989868,0.42662572860717773,0.2236369271649218,0.5336575508117676,0.3983754109348569,558
0.3548276126384735,0.4117282032966614,0.3702777922153473,0.22324974645835227,0.5632247924804688,0.37415020267466714,559
0.5511935949325562,0.42616114020347595,0.40377742052078247,0.21602396338739338,0.5362668037414551,0.3647186492611153,560
0.42776229977607727,0.4237484931945801,0.3750409483909607,0.20320652215680304,0.5469426512718201,0.39631674699179736,561
0.46187981963157654,0.42426684498786926,0.3786439299583435,0.20945133989671616,0.5243475437164307,0.41543519198238166,562
0.3698616027832031,0.42631134390830994,0.3846203684806824,0.1951780557858673,0.5241428017616272,0.40249273882097597,563
0.3407527506351471,0.4266066551208496,0.39974600076675415,0.19623678753417972,0.5289903283119202,0.3899173342695733,564
0.3113749325275421,0.44377899169921875,0.40579456090927124,0.20004437102857575,0.5326961874961853,0.38362963199387196,565
0.3584837019443512,0.4668615162372589,0.40126556158065796,0.2012582735270561,0.5257368683815002,0.3776451437873034,566
0.37554675340652466,0.454412579536438,0.38377660512924194,0.2130104220217836,0.5246885418891907,0.3865500622386773,567
0.36096662282943726,0.44103822112083435,0.37673380970954895,0.21242343663878313,0.5173400640487671,0.37003287478854807,568
0.28775298595428467,0.4364362061023712,0.38148874044418335,0.19235247389458204,0.5184059143066406,0.3867894417669401,569
0.2757944166660309,0.4439038336277008,0.37178856134414673,0.17976691316177507,0.5205998420715332,0.37587373527815904,570
0.27893975377082825,0.423156201839447,0.38219016790390015,0.18604902130780512,0.5262751579284668,0.3648303597076377,571
0.25953540205955505,0.4163067936897278,0.3749321401119232,0.19250343457183589,0.5407673120498657,0.3879863394082538,572
0.3487575650215149,0.4484288990497589,0.38229623436927795,0.16177680931895919,0.5301772356033325,0.39941272222399543,573
0.3890814185142517,0.4142860174179077,0.378695547580719,0.18675043847899672,0.5352452993392944,0.41610545466151744,574
0.4348377287387848,0.425749808549881,0.389710396528244,0.20610800113225328,0.519524097442627,0.42542529762854686,575
0.3218955099582672,0.43564698100090027,0.40654808282852173,0.19740401727213727,0.5215161442756653,0.43608566595384757,576
0.3439631462097168,0.4621303975582123,0.4179510772228241,0.20813116369650442,0.5161479115486145,0.4336599534007853,577
0.3353513777256012,0.46667757630348206,0.4250663220882416,0.22503453615276306,0.5189744234085083,0.44005936612300905,578
0.34885695576667786,0.4769139885902405,0.4265879988670349,0.24589408078255048,0.5170208811759949,0.4476237592161119,579
0.32269683480262756,0.4815720021724701,0.4322429299354553,0.24590747227242607,0.5194404125213623,0.4531454470013723,580
0.3436642587184906,0.4884626865386963,0.4371567964553833,0.25113735909905427,0.5226520299911499,0.4523475152404965,581
0.33861517906188965,0.48440319299697876,0.44244056940078735,0.2652162774367404,0.5329365730285645,0.4522038875235389,582
0.39425379037857056,0.5023958086967468,0.4503481984138489,0.26284954745280725,0.5290052890777588,0.4461236475056652,583
0.38808512687683105,0.4957640767097473,0.44618189334869385,0.2747878491990676,0.5374403595924377,0.43895822029300047,584
0.43661999702453613,0.500789225101471,0.4457358121871948,0.28572743083220387,0.532805323600769,0.4467779515495834,585
0.4034973978996277,0.49678751826286316,0.4387061595916748,0.2749112688716089,0.535949170589447,0.44907599502090567,586
0.42795851826667786,0.4933941066265106,0.4425697326660156,0.2742274726287673,0.5339363813400269,0.4565127190322683,587
0.4229639768600464,0.49222812056541443,0.4426528215408325,0.27175192795337677,0.535594642162323,0.4548689796048642,588
0.4320472478866577,0.49296268820762634,0.45047277212142944,0.27510108637010783,0.5332561731338501,0.459991701509687,589
0.42413443326950073,0.4985596239566803,0.4496399164199829,0.281636256902669,0.5339601635932922,0.4508793208004852,590
0.43132221698760986,0.5021716952323914,0.4547187089920044,0.2834700513459519,0.5306727290153503,0.4498100922409115,591
0.414877325296402,0.5028414130210876,0.44670653343200684,0.29007231323157784,0.5333102345466614,0.4561456704222655,592
0.3947940468788147,0.49579817056655884,0.4473062753677368,0.2900824896318868,0.5371114611625671,0.4370112667964637,593
0.42506834864616394,0.5076422691345215,0.4527265429496765,0.2729844579414742,0.5350814461708069,0.3928218058791611,594
0.4076772928237915,0.4922911822795868,0.43708449602127075,0.2812212387291526,0.5446550846099854,0.40266828380836867,595
0.42329925298690796,0.49074703454971313,0.4145100712776184,0.27416766486048944,0.540833592414856,0.4251220835594141,596
0.42095622420310974,0.47807762026786804,0.4102831780910492,0.23723593925678882,0.537276566028595,0.4388145925760429,597
0.4369800388813019,0.4445926249027252,0.4105927646160126,0.23904379521574845,0.5430801510810852,0.42346238549679216,598
0.42689090967178345,0.4383130371570587,0.4303913712501526,0.23915011734849637,0.5439939498901367,0.42394114455331766,599
0.4316353499889374,0.48198896646499634,0.43248260021209717,0.22867073891010048,0.5391772389411926,0.44211803006606887,600
0.4309675395488739,0.4663000702857971,0.425909161567688,0.2528184266855872,0.5428858399391174,0.43996361431170417,601
0.46588456630706787,0.46983247995376587,0.4349757432937622,0.2665419724652705,0.5379253029823303,0.43616545912993515,602
0.42599451541900635,0.4811549186706543,0.4367833733558655,0.2487876334370921,0.5397876501083374,0.42019086527720134,603
0.4110123813152313,0.4677637815475464,0.4370430111885071,0.26729407873620975,0.5455114841461182,0.4152596469949889,604
0.4174210727214813,0.4795114994049072,0.4302446246147156,0.26124962556998144,0.5477578639984131,0.43380358111774286,605
0.4414187967777252,0.4778187572956085,0.4253920018672943,0.238733264766428,0.5487716197967529,0.4612205164214356,606
0.48014193773269653,0.44167792797088623,0.4279314875602722,0.2567922097609106,0.5522043108940125,0.4675720532380072,607
0.5051988959312439,0.4528956711292267,0.4485297203063965,0.25956048631799494,0.5496508479118347,0.45351249561137535,608
0.48060548305511475,0.46839433908462524,0.4607316851615906,0.2666725835343592,0.5542460680007935,0.41771727681848636,609
0.5245299935340881,0.5013481974601746,0.46153372526168823,0.28509518632942266,0.5478053689002991,0.44072962880214483,610
0.477193146944046,0.4838687777519226,0.43241244554519653,0.30357594889888073,0.5529171824455261,0.44379368676390807,611
0.5182137489318848,0.4918878972530365,0.4440416693687439,0.27945159652058926,0.5399590134620667,0.4332450288851298,612
0.47703567147254944,0.48000526428222656,0.4329819679260254,0.2661104276568534,0.5464771389961243,0.4203025757237241,613
0.4914321005344391,0.47719037532806396,0.4370417594909668,0.2753235902486624,0.5354043841362,0.40416839551881517,614
0.4232742488384247,0.48489654064178467,0.4254559874534607,0.26804739275747924,0.5336082577705383,0.40485461683316853,615
0.4015352725982666,0.4845902621746063,0.41077959537506104,0.2488923920559602,0.5301437377929688,0.39638058153266736,616
0.3631455600261688,0.4578554928302765,0.4035551846027374,0.24131253066426978,0.5365321636199951,0.35782451884714817,617
0.38729387521743774,0.46548762917518616,0.4011991024017334,0.2200646567368946,0.5318055748939514,0.4038013469088124,618
0.2189422845840454,0.3827908933162689,0.36717894673347473,0.22029897063853243,0.559174656867981,0.40262040790271625,619
0.4236741364002228,0.4243965446949005,0.41192224621772766,0.1794675385494528,0.5505864024162292,0.35618077941974396,620
0.42224621772766113,0.3583264946937561,0.39557525515556335,0.1819200915622946,0.5687447190284729,0.37737384698860554,621
0.5657070279121399,0.3717949688434601,0.38508954644203186,0.21412312544862033,0.5575223565101624,0.3279659123551753,622
0.512255072593689,0.36890164017677307,0.3863987326622009,0.20973720589307251,0.5553504824638367,0.28160607704829077,623
0.49707335233688354,0.38852226734161377,0.346754252910614,0.19699047601042363,0.5520697832107544,0.26942963837732603,624
0.39557239413261414,0.33311933279037476,0.31647711992263794,0.16764841322491145,0.5504186153411865,0.2915802240592384,625
0.35262954235076904,0.2831174433231354,0.2911666929721832,0.14425849211206682,0.5524387955665588,0.3521751619801475,626
0.3624233901500702,0.2577214241027832,0.29701557755470276,0.10472080865421762,0.5535476207733154,0.33720596214611726,627
0.4209296703338623,0.1887587308883667,0.3267597258090973,0.1125028194998692,0.5576879978179932,0.3488238485844691,628
0.4617553651332855,0.2740017771720886,0.33668529987335205,0.12989267191318976,0.5527408123016357,0.36355366889023644,629
0.4183340072631836,0.308549165725708,0.358249694108963,0.14364791339664792,0.5501038432121277,0.3638249656889343,630
0.46020621061325073,0.36632487177848816,0.36236053705215454,0.16145752505700578,0.5436169505119324,0.3868532763078101,631
0.41739940643310547,0.36634257435798645,0.3641654849052429,0.16681879316200035,0.5439749360084534,0.39189620503654526,632
0.3945750892162323,0.3594362437725067,0.3832898736000061,0.1868656694317291,0.5450621843338013,0.3927898886087262,633
0.39935198426246643,0.42117172479629517,0.39454883337020874,0.17306297110888857,0.5429114699363708,0.3882576362069517,634
0.3778133988380432,0.3868173658847809,0.39505451917648315,0.1938929771497071,0.5539823174476624,0.40389709872011753,635
0.49982818961143494,0.4518113434314728,0.3997341990470886,0.19953358769728397,0.5335898399353027,0.37855478599470166,636
0.4245137870311737,0.41847142577171326,0.39519816637039185,0.21359129057261309,0.5410319566726685,0.3748364239890205,637
0.43986842036247253,0.44278186559677124,0.3867871165275574,0.225711419367844,0.5262124538421631,0.3789058759694871,638
0.3214857280254364,0.4429720342159271,0.38240256905555725,0.1919941956495603,0.5254096388816833,0.3844913982956178,639
0.34543946385383606,0.4380839765071869,0.37555816769599915,0.19519862686270964,0.525076150894165,0.4242283999872331,640
0.3273088037967682,0.4276256561279297,0.38035711646080017,0.18807912959753006,0.5254532098770142,0.4140148734480228,641
0.30258458852767944,0.4139063358306885,0.4080735445022583,0.1985014704977972,0.5356854200363159,0.3971785132935432,642
0.357208251953125,0.4619141221046448,0.415109246969223,0.19365282138068568,0.5355854034423828,0.40653027353100774,643
0.3642420172691345,0.4508747160434723,0.40720343589782715,0.21372460886697411,0.5409530997276306,0.4092592001532028,644
0.4499894380569458,0.4635736644268036,0.40895339846611023,0.23404466474007857,0.5274361371994019,0.42561680125115686,645
0.38924095034599304,0.4551759660243988,0.40215620398521423,0.22308353394955868,0.531018853187561,0.40308320832402417,646
0.383150190114975,0.4488966763019562,0.41789665818214417,0.23044676829084862,0.5282393097877502,0.4007372889470492,647
0.31093260645866394,0.45914795994758606,0.4063522517681122,0.22701129007330154,0.5393209457397461,0.4229197918993967,648
0.36321839690208435,0.468344509601593,0.4123307764530182,0.21080771463854145,0.536327600479126,0.41950464396284826,649
0.4188569188117981,0.45525065064430237,0.41407421231269836,0.2234511964788558,0.5400987863540649,0.41838753949762214,650
0.4483822286128998,0.45464590191841125,0.41557785868644714,0.23711978812808135,0.5355859398841858,0.4247390763141935,651
0.40182584524154663,0.45978930592536926,0.4204535186290741,0.23733251890949125,0.5327426791191101,0.43769748811081677,652
0.3972197473049164,0.47355714440345764,0.42252516746520996,0.2360407638131933,0.5304998755455017,0.43689955634994093,653
0.3897233009338379,0.46788689494132996,0.4286993741989136,0.2416138520745855,0.5347096920013428,0.44894832593916567,654
0.4127999246120453,0.47948798537254333,0.43375033140182495,0.2491456746698308,0.5313223004341125,0.4561456704222655,655
0.39050230383872986,0.4779419004917145,0.44190436601638794,0.25782028892124875,0.5353444814682007,0.43024480546423655,656
0.4084431231021881,0.48819562792778015,0.44878488779067993,0.2690924609798487,0.5383735299110413,0.41784494590022664,657
0.4038412570953369,0.4969917833805084,0.43788325786590576,0.26498100518513606,0.5416897535324097,0.3962529124509271,658
0.43902334570884705,0.4933525621891022,0.428581178188324,0.26527352890076894,0.5370217561721802,0.4023810283744535,659
0.38961660861968994,0.4590120315551758,0.40137308835983276,0.26735646175885075,0.5476991534233093,0.4078867575244966,660
0.43108633160591125,0.46603506803512573,0.41190022230148315,0.22431141084360715,0.5393112301826477,0.41937697488110826,661
0.41259005665779114,0.44040873646736145,0.40402814745903015,0.21657938162315596,0.5484241247177124,0.39572627748874917,662
0.4748784899711609,0.4373475909233093,0.4170346260070801,0.23207211283901638,0.5407503247261047,0.42033449299415926,663
0.4398286044597626,0.4649546146392822,0.40491434931755066,0.22300084756351643,0.5350691676139832,0.40601959720404707,664
0.41972315311431885,0.44638633728027344,0.4153401553630829,0.2343962100017724,0.5316475629806519,0.3955188152309215,665
0.4027808606624603,0.4664609134197235,0.4042518138885498,0.23270930277621565,0.5290451645851135,0.37753343334078066,666
0.3175257742404938,0.44755294919013977,0.40129828453063965,0.2204347544291226,0.5361968874931335,0.34836104816316105,667
0.3295707404613495,0.4484965205192566,0.3878147006034851,0.21668155135950096,0.5416737794876099,0.34836104816316105,668
0.3758396804332733,0.4556450843811035,0.36912909150123596,0.1803353208430309,0.5365471243858337,0.3760333216303342,669
0.3960779011249542,0.4009290635585785,0.3521474003791809,0.1888186927777297,0.5369516015052795,0.3581277329162809,670
0.4035224914550781,0.3918495774269104,0.36698734760284424,0.18473906359749506,0.5275524854660034,0.38010277361080086,671
0.3051861524581909,0.40976959466934204,0.3609267473220825,0.16117243828850542,0.5320609211921692,0.3825923207047334,672
0.34664419293403625,0.414101779460907,0.3809211552143097,0.16584744000770493,0.5225659608840942,0.4020618556701032,673
0.35165727138519287,0.42672714591026306,0.37448224425315857,0.1819409819938423,0.5230750441551208,0.40217356611662564,674
0.32513394951820374,0.4213344156742096,0.39402714371681213,0.1898108170218777,0.5206626057624817,0.39093868692349426,675
0.3065442442893982,0.4466187059879303,0.3976234495639801,0.19471005510209477,0.5223103761672974,0.4034662155692445,676
0.2993701994419098,0.4525585472583771,0.39433950185775757,0.19527080635725233,0.5247265696525574,0.4260157671315948,677
0.3338279128074646,0.4474462866783142,0.3992360234260559,0.21060228483501947,0.5258088111877441,0.4268775334333409,678
0.3478711247444153,0.45116207003593445,0.4135800302028656,0.21235323870167644,0.5288764238357544,0.44746417286393675,679
0.3412185311317444,0.4559871256351471,0.4211665987968445,0.21977625050172978,0.5362499952316284,0.4679869777536624,680
0.3882460296154022,0.46801772713661194,0.4416375160217285,0.2350583846983597,0.5361388325691223,0.4751364463311098,681
0.4161088466644287,0.48001813888549805,0.4541611075401306,0.2568642229646853,0.5426826477050781,0.4746896045450192,682
0.4580950438976288,0.49472421407699585,0.46794992685317993,0.2786775339744678,0.5427660346031189,0.46203440681752894,683
0.4803391993045807,0.5117691159248352,0.4726549983024597,0.29914792468971024,0.5397242307662964,0.4453895502856597,684
0.4326228201389313,0.4972159266471863,0.4604697823524475,0.3268020758618297,0.550497829914093,0.4448948325939166,685
0.49525216221809387,0.5313314199447632,0.45954662561416626,0.28984068799419815,0.5365179777145386,0.4418148159969358,686
0.4781184792518616,0.5053861141204834,0.4410877227783203,0.28905233522761536,0.5397295951843262,0.4596086942644664,687
0.5096806287765503,0.4936177730560303,0.43679487705230713,0.3111500543785172,0.5227536559104919,0.4604545019309949,688
0.39606308937072754,0.4881034791469574,0.44634103775024414,0.28046405385285045,0.5214778780937195,0.46063004691838766,689
0.358753502368927,0.49849066138267517,0.44923728704452515,0.2719227765775315,0.526520311832428,0.43964444160735383,690
0.36874762177467346,0.50230473279953,0.4550989866256714,0.27367118932647805,0.5293403267860413,0.38848105709999686,691
0.3864327073097229,0.5067949891090393,0.440718412399292,0.2863163424289696,0.533069908618927,0.35539880629408577,692
0.35099470615386963,0.4954633116722107,0.4051074683666229,0.27436776727462225,0.5389536619186401,0.3367431617248092,693
0.3601265549659729,0.47825998067855835,0.37740349769592285,0.23253494169563135,0.5367912650108337,0.35402636366537926,694
0.3867773115634918,0.4474162459373474,0.34843316674232483,0.19259889244324063,0.5333918333053589,0.3386103220452587,695
0.3836279809474945,0.3870949149131775,0.3483782410621643,0.181663249532885,0.5311084389686584,0.3494302767227346,696
0.3498639166355133,0.4024726152420044,0.3422173261642456,0.1606736147663259,0.5208591222763062,0.37178832466247486,697
0.17706912755966187,0.3423618674278259,0.34722161293029785,0.15915120827223259,0.54365074634552,0.3637451725128467,698
0.3718798756599426,0.4281286299228668,0.3753764033317566,0.13673413851032018,0.5239151120185852,0.349350483546647,699
0.32689642906188965,0.3877338469028473,0.356952965259552,0.15541360223711703,0.5422256588935852,0.3431266158118157,700
0.4302622973918915,0.40529268980026245,0.3609369397163391,0.1917790670297198,0.5141388177871704,0.36510165650633564,701
0.2493564784526825,0.41205263137817383,0.3450281322002411,0.16407779396989802,0.5217920541763306,0.3648622769780729,702
0.27753162384033203,0.40532609820365906,0.35894742608070374,0.15632721507118436,0.5212861895561218,0.37681529475599246,703
0.29420241713523865,0.41254299879074097,0.3603450357913971,0.15388683914073897,0.5223358273506165,0.35614886214930896,704
0.31294959783554077,0.4109434485435486,0.37305277585983276,0.1664562285986793,0.5169133543968201,0.341897800900067,705
0.28691741824150085,0.42728692293167114,0.35842040181159973,0.17412139347402456,0.5151323080062866,0.3542497845584246,706
0.21534720063209534,0.41360563039779663,0.3475353717803955,0.16842910377236153,0.5214136242866516,0.3519676997223198,707
0.27126461267471313,0.42143863439559937,0.3539595603942871,0.15419571581420982,0.5159794688224792,0.3196674220420669,708
0.2767300009727478,0.40855321288108826,0.34627845883369446,0.15060551508047126,0.521111786365509,0.31794388943857527,709
0.26786917448043823,0.39637234807014465,0.3289576768875122,0.15996004419323773,0.5176330804824829,0.34569595608183584,710
0.19763295352458954,0.38850075006484985,0.3243139684200287,0.14483289942155747,0.5194767713546753,0.3421531390635473,711
0.22587813436985016,0.3829905688762665,0.33727148175239563,0.12896341701002478,0.5263820290565491,0.33655165810219906,712
0.29463058710098267,0.3822932839393616,0.3393901586532593,0.13125028491256044,0.5268746018409729,0.328508505952571,713
0.32096779346466064,0.3872678279876709,0.34164267778396606,0.1452860061402436,0.5148009657859802,0.317353419935527,714
0.1755516082048416,0.35090339183807373,0.32681936025619507,0.16147294729727546,0.5363312363624573,0.2949155788196994,715
0.26807063817977905,0.41316476464271545,0.3362569510936737,0.12157606827658995,0.5209717154502869,0.3175130062877022,716
0.24435678124427795,0.36309173703193665,0.30003249645233154,0.1233754590409844,0.5373460054397583,0.3202578915451151,717
0.36798179149627686,0.3372527062892914,0.3165663778781891,0.1417929751551036,0.5172837972640991,0.34611088059749134,718
0.252509742975235,0.3642346262931824,0.3148058354854584,0.11884900611536042,0.5185962319374084,0.3307586735182406,719
0.22769460082054138,0.3485548794269562,0.33794981241226196,0.12487307597456163,0.5229125618934631,0.32817337461300305,720
0.25782760977745056,0.3881959021091461,0.3346458077430725,0.13171504795396982,0.5198542475700378,0.33438128371261694,721
0.21833187341690063,0.3766547441482544,0.3337535858154297,0.13462631809962594,0.5256967544555664,0.33980721968657246,722
0.28710782527923584,0.3880268335342407,0.3350903391838074,0.14055633368329531,0.5206626057624817,0.33725383805176984,723
0.2817291021347046,0.3887413740158081,0.33703386783599854,0.13375532056351544,0.518480658531189,0.3459991701509686,724
0.28610923886299133,0.3864002227783203,0.3354727029800415,0.14473703133423824,0.5129092335700989,0.3396955092400497,725
0.2433018982410431,0.39152026176452637,0.3421948552131653,0.1456864489121734,0.5090964436531067,0.3510740161501388,726
0.1594981998205185,0.38650378584861755,0.3363700807094574,0.14543375172794454,0.5254502892494202,0.3397274265104849,727
0.2154485434293747,0.3936935067176819,0.3540654182434082,0.138129629660567,0.528555154800415,0.34161054546615166,728
0.2946406304836273,0.40656763315200806,0.3449907898902893,0.13818949778978032,0.5301200747489929,0.3488238485844691,729
0.3446926772594452,0.38550981879234314,0.3438238501548767,0.1552500562718974,0.5237535238265991,0.3518559892757972,730
0.32659637928009033,0.3942967355251312,0.3455228805541992,0.1590803672674642,0.514735996723175,0.35295713510580573,731
0.25670304894447327,0.4016039967536926,0.3483991026878357,0.14708619032446665,0.5141165256500244,0.36963390890811015,732
0.24682900309562683,0.4040372669696808,0.3504868745803833,0.1510040003361431,0.5142146944999695,0.3759216111838115,733
0.2627257704734802,0.41094499826431274,0.36277639865875244,0.1542463790035673,0.5108278393745422,0.38244869298777556,734
0.25808051228523254,0.4174133241176605,0.3671681582927704,0.16127678266931708,0.5138859152793884,0.3867894417669401,735
0.26306164264678955,0.4231409430503845,0.3772691488265991,0.17104052852365342,0.5130277872085571,0.3900450033513133,736
0.27266162633895874,0.43753987550735474,0.38192760944366455,0.17588863020490766,0.5111336708068848,0.39429000031917266,737
0.2688262462615967,0.4377001225948334,0.38331693410873413,0.1851999793859573,0.5148909687995911,0.4078388816188439,738
0.3013194799423218,0.4470747411251068,0.3893809914588928,0.18941462823942493,0.5074074268341064,0.39553477386613883,739
0.2681525647640228,0.442539781332016,0.39521434903144836,0.19852784367186949,0.5149173140525818,0.3948166352813506,740
0.2865888178348541,0.4572688639163971,0.3936343789100647,0.20050997653739655,0.5119746923446655,0.38010277361080086,741
0.27991732954978943,0.4563521146774292,0.3929910659790039,0.1969173178845442,0.5102925896644592,0.3715968210398645,742
0.27329427003860474,0.4504145085811615,0.37590324878692627,0.2088381919278469,0.5165905356407166,0.36226101943761757,743
0.2747984528541565,0.4497333765029907,0.37454310059547424,0.18910371736277018,0.5092976093292236,0.35796814656410575,744
0.25906404852867126,0.4415055215358734,0.3597652316093445,0.17810453139709342,0.5119059681892395,0.3560690689732214,745
0.28275254368782043,0.4300805628299713,0.35534706711769104,0.1746866206632542,0.503263533115387,0.3363441958443713,746
0.23953492939472198,0.422245055437088,0.3496566712856293,0.1668055874423404,0.5003483891487122,0.3244869298777569,747
0.18653620779514313,0.41867050528526306,0.33483076095581055,0.1567801558011171,0.501533567905426,0.3229229836264403,748
0.17576700448989868,0.41385596990585327,0.32570189237594604,0.14265000481404272,0.49646082520484924,0.30796974242762765,749
0.1440611183643341,0.3929019868373871,0.3147165775299072,0.13978234855277177,0.5080031752586365,0.29518687561839707,750
0.13251854479312897,0.38095301389694214,0.3084450364112854,0.12991168819699006,0.5158997774124146,0.31532667326290253,751
0.18559513986110687,0.3897453844547272,0.3044322729110718,0.11003222780072962,0.5081080794334412,0.30423542178672874,752
0.2203444391489029,0.3567073345184326,0.3048723340034485,0.11810264411662909,0.5116512179374695,0.3009639015671379,753
0.23388059437274933,0.36474868655204773,0.30095332860946655,0.12034051050690679,0.5010673403739929,0.30315023459193763,754
0.14169523119926453,0.3665224015712738,0.3017626404762268,0.1094825693680803,0.49733370542526245,0.3128690434394051,755
0.12965941429138184,0.365203320980072,0.2968968451023102,0.11286964176058353,0.5020843744277954,0.33142893619737646,756
0.1066298857331276,0.353074848651886,0.3053824305534363,0.11126197546197153,0.5131474137306213,0.3571542561680124,757
0.1606847047805786,0.36309438943862915,0.3256423771381378,0.10999510048985688,0.5173228979110718,0.3363601544795889,758
0.22143428027629852,0.36701637506484985,0.34643182158470154,0.1212496607392287,0.5244901180267334,0.3350196291213176,759
0.26656031608581543,0.3857409656047821,0.3412041962146759,0.13944461231338937,0.525543749332428,0.3397912610513549,760
0.2823464572429657,0.39785149693489075,0.34418532252311707,0.14294684896856397,0.5162151455879211,0.32370495675209854,761
0.24259816110134125,0.3803116977214813,0.33420422673225403,0.15281680262571584,0.528066873550415,0.3250614407455874,762
0.2150740921497345,0.3684713542461395,0.3313882052898407,0.1439592824499048,0.536276638507843,0.3058951198493505,763
0.3231651484966278,0.40915000438690186,0.3389315903186798,0.11968906974900678,0.5190149545669556,0.3057514921323928,764
0.3052615225315094,0.35880839824676514,0.303214430809021,0.14236871718261976,0.5289969444274902,0.29019182279531447,765
0.3225375711917877,0.36564600467681885,0.3123350441455841,0.14032503521580023,0.5000758171081543,0.2596789122594236,766
0.13070568442344666,0.3682205379009247,0.2891826033592224,0.11386031981095902,0.5134961605072021,0.2477099358462864,767
0.13978902995586395,0.352405309677124,0.27165287733078003,0.10562586482314822,0.5132642984390259,0.2376879129296862,768
0.14918097853660583,0.33746156096458435,0.25725671648979187,0.09363817465195723,0.509150505065918,0.23712936069707313,769
0.13541586697101593,0.30498799681663513,0.23987391591072083,0.08573269548603192,0.5126321315765381,0.21445214005298271,770
0.12461390346288681,0.2824980914592743,0.24037769436836243,0.07773740814802482,0.510116457939148,0.22509654974306598,771
0.10247880965471268,0.2903306782245636,0.22435739636421204,0.06837591151913248,0.506502091884613,0.24028917047014137,772
0.09564083069562912,0.26417210698127747,0.22666651010513306,0.06656787511674844,0.5041006207466125,0.27772812869043445,773
0.11299064755439758,0.26917654275894165,0.23326566815376282,0.06607620273885746,0.4995879530906677,0.2591044013915929,774
0.06253727525472641,0.257627934217453,0.2624335289001465,0.06827884090254796,0.5093624591827393,0.2481248603619419,775
0.12151150405406952,0.3169325590133667,0.26360949873924255,0.07107551740615649,0.5009010434150696,0.23628355303054474,776
0.10509781539440155,0.31659597158432007,0.25549817085266113,0.07741877221261849,0.4963105320930481,0.232549232389646,777
0.11737992614507675,0.3165525197982788,0.23673224449157715,0.08532618585656336,0.48718997836112976,0.22335705850435664,778
0.03826722502708435,0.31291812658309937,0.23091652989387512,0.07150622636115658,0.4809485077857971,0.2082282723181514,779
-0.004463043995201588,0.2997817397117615,0.21929550170898438,0.06717256138177646,0.485163152217865,0.22222399540391308,780
-0.010630526579916477,0.29440903663635254,0.21006238460540771,0.06255538355153918,0.4799708127975464,0.22760205547221599,781
-0.05946054309606552,0.26740390062332153,0.21437233686447144,0.0608179798268422,0.49259063601493835,0.25546583256199934,782
-0.019413704052567482,0.2728006839752197,0.22305700182914734,0.057471934193397856,0.4979833960533142,0.2641154128498931,783
0.026137515902519226,0.26740506291389465,0.24730506539344788,0.05868473091190333,0.5037069916725159,0.2596948708946411,784
0.1054319217801094,0.284874826669693,0.2570595443248749,0.06936962733982364,0.5042423009872437,0.26939772110689086,785
0.11228702962398529,0.3074594736099243,0.26202890276908875,0.07467986569856326,0.49719277024269104,0.25363058951198497,786
0.08321690559387207,0.30628177523612976,0.26497459411621094,0.08383722849108649,0.5021054744720459,0.27515878842041425,787
0.04680529236793518,0.31021836400032043,0.256018728017807,0.08379153328303043,0.51259446144104,0.29341546710925276,788
0.11524173617362976,0.3192858099937439,0.2766299843788147,0.07664951668472315,0.5076040029525757,0.3054961539689126,789
0.17057640850543976,0.30898499488830566,0.2804756462574005,0.08756502012979663,0.5161267518997192,0.3135552647537583,790
0.1947452425956726,0.31390145421028137,0.29963457584381104,0.0988410460727372,0.5124902725219727,0.3128211675337525,791
0.15800221264362335,0.3426419794559479,0.3117084503173828,0.10305452305714653,0.5159364342689514,0.31920462162075897,792
0.183712437748909,0.3593789339065552,0.3142910599708557,0.1083088836776922,0.5195552110671997,0.32598704158820335,793
0.23665282130241394,0.36176520586013794,0.3188951313495636,0.11791958420623028,0.5177597999572754,0.3211356164820785,794
0.25358453392982483,0.3679402768611908,0.32249632477760315,0.12479591663626373,0.5143395066261292,0.30522485717021475,795
0.23091673851013184,0.37545549869537354,0.3208865523338318,0.12634173493174056,0.5116287469863892,0.31700232996074174,796
0.20800697803497314,0.3819943070411682,0.309983491897583,0.1248737577421834,0.5068475008010864,0.3201302224633749,797
0.16740426421165466,0.36346375942230225,0.3118917942047119,0.1259300629095156,0.5134046673774719,0.32597108295298577,798
0.2047402411699295,0.3802837133407593,0.3171998858451843,0.11637748739917932,0.509461522102356,0.332593916568255,799
0.2037125825881958,0.37178194522857666,0.3214603662490845,0.1177957528896853,0.5117090940475464,0.34740353005011004,800
0.22424770891666412,0.3710957169532776,0.32693836092948914,0.13362433465366433,0.5104761123657227,0.341802049088762,801
0.153377965092659,0.3688604235649109,0.3403562307357788,0.13456476990929395,0.5240491628646851,0.352717755577543,802
0.21156825125217438,0.39741113781929016,0.34690412878990173,0.128522288999828,0.5277009606361389,0.35621269669017896,803
0.3018035590648651,0.396350234746933,0.3536911606788635,0.1380013098293706,0.5262672305107117,0.3423286840509399,804
0.3348124325275421,0.384945809841156,0.35102933645248413,0.16541842022097172,0.5265473127365112,0.33264179247390757,805
0.30324259400367737,0.4084526598453522,0.34999167919158936,0.1556950852007498,0.5166622400283813,0.34654176374836426,806
0.25766223669052124,0.4086955189704895,0.33739644289016724,0.14793169934645364,0.5158113837242126,0.35621269669017896,807
0.25941038131713867,0.3888210356235504,0.33989042043685913,0.154776743583871,0.5179917812347412,0.37801219239730616,808
0.2555544972419739,0.3998951315879822,0.35057342052459717,0.1445401211413076,0.5163962244987488,0.37900162778079227,809
0.22596561908721924,0.3888881802558899,0.3681138753890991,0.15157021988324132,0.5287948846817017,0.38808209121955894,810
0.3145381510257721,0.4242560863494873,0.37924376130104065,0.16050217937580927,0.5232329964637756,0.39263030225655104,811
0.31718891859054565,0.4246326982975006,0.3849211037158966,0.17383144316191756,0.525708794593811,0.377724936963391,812
0.35716795921325684,0.4346810281276703,0.38812562823295593,0.19727116574291143,0.5200260877609253,0.37754939197599824,813
0.3108339309692383,0.44537413120269775,0.38051822781562805,0.1902146988407872,0.5168743133544922,0.38410839105039746,814
0.2892906069755554,0.43882447481155396,0.376884788274765,0.19198639137951073,0.5168365836143494,0.391241900992627,815
0.21672756969928741,0.41157767176628113,0.3756411671638489,0.1990078328507597,0.5375487804412842,0.3872043662825956,816
