GRU 1,LSTM 1,LSTM 2,MLP 1,RNN 1,ARIMA,real,t
0.487844378,0.539986908,0.499454677,0.360403074,0.534568369,0.3797105,0.524767802,1
0.478850782,0.541273355,0.502653897,0.363004322,0.53619498,0.347548385,0.512208356,2
0.470213354,0.540693164,0.512133181,0.373839502,0.540323794,0.32588797,0.471721298,3
0.48407957,0.55576539,0.51088351,0.369779555,0.53884244,0.312018707,0.470125435,4
0.464284718,0.551687896,0.480416238,0.371314657,0.542989433,0.316028117,0.479636781,5
0.499635816,0.541449189,0.473914862,0.358886396,0.533719122,0.336719865,0.492770738,6
0.469235122,0.524718404,0.465498328,0.336675695,0.538382471,0.309672573,0.476173758,7
0.478266388,0.518246353,0.481089413,0.324122813,0.533581078,0.303611508,0.484440331,8
0.446017057,0.524953008,0.473169208,0.32327144,0.534527063,0.294903832,0.502393795,9
0.459928155,0.525055647,0.480046988,0.325865569,0.527025223,0.293696081,0.529427723,10
0.434031039,0.520805418,0.483047962,0.340490566,0.535762489,0.307647377,0.525071016,11
0.425973326,0.522816539,0.510579348,0.345622655,0.544220448,0.350148774,0.54256168,12
0.489206553,0.558113873,0.524206281,0.336209197,0.541485667,0.349512641,0.547445023,13
0.510078669,0.545069635,0.53201431,0.393416359,0.549962163,0.330850084,0.53999234,14
0.559608519,0.564846158,0.541532099,0.428241418,0.54567802,0.328527139,0.538364559,15
0.516515672,0.572675824,0.541942239,0.403344038,0.549764037,0.317406908,0.54993457,16
0.566049755,0.575455368,0.539684594,0.426176406,0.546091318,0.294217726,0.546407711,17
0.56102562,0.568039536,0.541454434,0.440004243,0.546564519,0.298040527,0.547173726,18
0.556721807,0.574850082,0.543466628,0.431670202,0.542373657,0.314122626,0.548258913,19
0.531924307,0.571698606,0.543960869,0.429845019,0.543242693,0.331177044,0.554387029,20
0.538599312,0.574282646,0.543410659,0.440433445,0.542533457,0.37352968,0.554833871,21
0.536067665,0.576024294,0.549232602,0.430272704,0.540911973,0.386044525,0.54958348,22
0.536838412,0.575616539,0.548399985,0.439894485,0.541614234,0.382004145,0.531135297,23
0.529474437,0.575662613,0.546563804,0.447070296,0.541415811,0.371592712,0.526826466,24
0.505781353,0.578003526,0.532639682,0.436116205,0.544204831,0.398806078,0.538077304,25
0.504462898,0.572325528,0.526781321,0.421807519,0.548034549,0.390340272,0.552184737,26
0.546809554,0.572205186,0.532960951,0.407898743,0.546387315,0.390261072,0.550828253,27
0.55125463,0.561147034,0.540587246,0.419802292,0.550063193,0.413367659,0.549312183,28
0.555756807,0.568113148,0.548438609,0.433599824,0.549364924,0.404135066,0.557115955,29
0.551488996,0.580278695,0.552502096,0.423374187,0.547863066,0.412805848,0.548562127,30
0.561247051,0.576198578,0.552064538,0.444982591,0.551003218,0.420571592,0.547732278,31
0.574857116,0.581588447,0.5495314,0.449949605,0.548122466,0.416122022,0.534678114,32
0.561187863,0.580184758,0.548991859,0.439045652,0.546050549,0.412257498,0.516772526,33
0.552646399,0.576670647,0.533780992,0.447649734,0.547143817,0.398148701,0.513389295,34
0.523725688,0.569540381,0.520662725,0.430817582,0.548717141,0.402573771,0.527448853,35
0.540922344,0.572220266,0.516424835,0.395329695,0.543468058,0.419811544,0.526906259,36
0.539074242,0.551895738,0.514210522,0.401167377,0.547405005,0.411307019,0.527097763,37
0.556689739,0.556185603,0.520497799,0.403985665,0.539421201,0.419526597,0.521703744,38
0.511926472,0.556161284,0.522157073,0.39208913,0.538260639,0.407074004,0.519884459,39
0.507124066,0.557654738,0.515397012,0.405318545,0.537638366,0.400324019,0.526379624,40
0.491802305,0.557239115,0.514163435,0.394895323,0.53661561,0.400345532,0.536784654,41
0.479444206,0.554139853,0.516038001,0.392629042,0.54142189,0.380232998,0.537566627,42
0.511483252,0.559978604,0.528497517,0.388350839,0.539024889,0.369190867,0.54361495,43
0.489254385,0.554961562,0.528126478,0.406574509,0.548355818,0.38633949,0.543024481,44
0.54446131,0.57151413,0.54366076,0.404827194,0.539772749,0.408784355,0.541907376,45
0.531795144,0.570005894,0.535853207,0.414857395,0.54355824,0.394977354,0.510676327,46
0.548628926,0.566076577,0.537013531,0.442464571,0.538878143,0.395745849,0.507388848,47
0.48684743,0.569960415,0.512677848,0.421804666,0.542168498,0.37626046,0.528948964,48
0.493632793,0.565137029,0.509597301,0.390791664,0.539389849,0.372478344,0.524576298,49
0.513537705,0.553127885,0.51198411,0.392413748,0.543878376,0.385434993,0.546806677,50
0.533507347,0.554878592,0.516648352,0.388790084,0.539243996,0.371695121,0.542322301,51
0.513842285,0.550997257,0.536179781,0.39648049,0.537820518,0.361114929,0.536976158,52
0.518726528,0.565948963,0.533762395,0.412413738,0.536652446,0.370147152,0.548370623,53
0.492577374,0.563503742,0.533945143,0.414376074,0.537853122,0.362185364,0.560499186,54
0.506056488,0.568140864,0.539572477,0.425353655,0.538258374,0.340080058,0.575691807,55
0.488011092,0.56831491,0.548082769,0.425767912,0.54805851,0.347978479,0.594347451,56
0.518629491,0.576360285,0.569902599,0.431682389,0.553646088,0.337568785,0.584022214,57
0.583000004,0.595962763,0.591014802,0.440663012,0.553112686,0.338743379,0.584963774,58
0.610933781,0.598855436,0.584685624,0.488502269,0.554515541,0.349063026,0.584229677,59
0.621588886,0.600251138,0.589143753,0.515040153,0.546806574,0.355211852,0.593533561,60
0.581976295,0.603333414,0.582024395,0.504907226,0.548558176,0.340967955,0.590996138,61
0.533252418,0.588821948,0.587119281,0.506636713,0.561041594,0.296318464,0.591347228,62
0.625844896,0.625374854,0.602944613,0.46356377,0.549692094,0.280388193,0.59752322,63
0.632663131,0.606670618,0.587563753,0.500608096,0.551892996,0.256021177,0.583495579,64
0.651297152,0.595203221,0.590073287,0.565830387,0.537687838,0.267238925,0.573377805,65
0.54816097,0.599425912,0.583051443,0.505226684,0.53349191,0.30097773,0.596039067,66
0.518956721,0.594869316,0.571826577,0.482294241,0.53437072,0.300806663,0.588921515,67
0.52912277,0.589003503,0.579684198,0.506910958,0.54054904,0.287846594,0.581628419,68
0.532879829,0.600039124,0.583787203,0.485494458,0.541242242,0.313367531,0.578261147,69
0.535657227,0.598922014,0.584128499,0.4754681,0.542425096,0.306651527,0.580112349,70
0.564636171,0.598499775,0.574596167,0.508025024,0.543119848,0.287593618,0.57858032,71
0.557135224,0.596898794,0.576480269,0.493647454,0.541319549,0.329450142,0.577271712,72
0.538862169,0.595698297,0.574297547,0.481947869,0.545375526,0.301783903,0.572531997,73
0.560623884,0.596996605,0.576568425,0.4816961,0.543616116,0.331299576,0.57004245,74
0.560776114,0.595637321,0.570798099,0.483183443,0.543659151,0.326566013,0.567393317,75
0.557523489,0.591967106,0.56762892,0.485882221,0.543107986,0.324903846,0.577096167,76
0.543608904,0.59152478,0.564858139,0.475880286,0.544314265,0.330909587,0.594459162,77
0.552682281,0.591427803,0.572587907,0.466052224,0.543881655,0.299118878,0.590868469,78
0.558708489,0.589960814,0.583509803,0.480451383,0.548098266,0.304698618,0.583288117,79
0.584419489,0.60100162,0.590536356,0.484096337,0.542752326,0.293538154,0.57728767,80
0.563390911,0.598186433,0.583240449,0.499934506,0.544809103,0.297446548,0.568478504,81
0.571263909,0.600568056,0.577553093,0.50847014,0.540869474,0.320787942,0.57542051,82
0.533185542,0.597356141,0.566487551,0.487346105,0.545651555,0.315873401,0.544189461,83
0.554515839,0.595345914,0.572850287,0.477075716,0.544958174,0.320914143,0.563004692,84
0.547938168,0.595812619,0.548102736,0.469231987,0.547657907,0.338248249,0.572978839,85
0.563448846,0.582785606,0.561475456,0.463946978,0.543038011,0.356501729,0.561999298,86
0.550022364,0.584347427,0.559635222,0.46544723,0.549604177,0.370096571,0.544444799,87
0.557737887,0.588604271,0.566287398,0.448500858,0.546998084,0.381258981,0.550317577,88
0.523245335,0.58077246,0.548199594,0.46599123,0.556582332,0.384403246,0.575564138,89
0.591543317,0.596054554,0.557688594,0.439799242,0.547196746,0.398147498,0.600284064,90
0.577056348,0.575576007,0.560290039,0.44802696,0.555747688,0.393082883,0.615205388,91
0.613860071,0.577477098,0.587124527,0.485688826,0.552687228,0.412285337,0.615157512,92
0.575766444,0.598413587,0.610308647,0.477837674,0.557452798,0.415862884,0.615955443,93
0.620404899,0.619642437,0.619704068,0.502033543,0.556750298,0.414117946,0.626583895,94
0.648894548,0.622322977,0.618569553,0.542515424,0.553978562,0.409355415,0.635807986,95
0.643147469,0.618893445,0.621840835,0.57035321,0.552138031,0.417571898,0.630924643,96
0.614296257,0.624315798,0.631351292,0.559711267,0.553500235,0.433089604,0.638425202,97
0.615750849,0.633316457,0.634474039,0.549439042,0.553977191,0.442452663,0.648862149,98
0.639717162,0.632589281,0.638222039,0.570357134,0.552475572,0.43902502,0.646244933,99
0.649657488,0.632681012,0.642588675,0.589656566,0.549220383,0.446715553,0.658660751,100
0.614506543,0.631864309,0.642458916,0.592701682,0.552915037,0.45110948,0.634307874,101
0.623559654,0.639416993,0.657283187,0.583078233,0.550674617,0.442376814,0.627158405,102
0.614910185,0.645299852,0.637975752,0.588845066,0.556977987,0.457689302,0.562892981,103
0.638809621,0.640253842,0.636804819,0.594613538,0.553759217,0.428273297,0.525757237,104
0.604564428,0.641082883,0.58157593,0.571910233,0.55803895,0.406234177,0.536289936,105
0.597755969,0.618980765,0.55078727,0.518501215,0.554359853,0.400997943,0.483482813,106
0.587251186,0.586488843,0.532879174,0.478769376,0.559148371,0.42915278,0.441559478,107
0.572481453,0.568115234,0.498055339,0.421024001,0.561567247,0.435293237,0.444479908,108
0.522877514,0.512993097,0.470137537,0.3703195,0.566177905,0.429162218,0.455666911,109
0.590009809,0.514009535,0.459405899,0.316511596,0.561914265,0.3869808,0.471370208,110
0.584724665,0.4369151,0.448342741,0.297607714,0.567070544,0.392267113,0.435144106,111
0.621722877,0.441426367,0.461631835,0.311462637,0.559698939,0.396036843,0.386087262,112
0.552909255,0.472205669,0.449076355,0.297709358,0.560908377,0.371960622,0.279659124,113
0.53617394,0.474473268,0.420331806,0.285476835,0.5560776,0.397898299,0.240209377,114
0.411503583,0.382604271,0.327044904,0.251882976,0.565872431,0.396693643,0.23620376,115
0.444298089,0.340628564,0.295464993,0.157424655,0.557862341,0.405132008,0.069356229,116
0.447215617,0.211133808,0.251292348,0.110501584,0.561121404,0.413984011,0.107449491,117
0.326158971,-0.027596124,0.137474597,0.100397313,0.567532659,0.430903865,0.024081581,118
0.348508924,0.057799123,0.162525684,0.048810681,0.538066208,0.425498959,0.08652772,119
0.135766149,-0.157645389,0.054858126,0.03835059,0.567598343,0.455099379,0.050828253,120
0.346094757,-0.13893196,0.105174147,0.026639662,0.530596912,0.464050225,0.070138202,121
0.135967776,-0.124553829,0.068004198,0.024535996,0.548495829,0.472393577,0.077718554,122
0.168976977,-0.072521828,0.097709067,0.021894067,0.517025948,0.474787958,0.043710702,123
-0.050950889,-0.097408772,0.08809159,0.02411433,0.540343642,0.484776293,0.121445214,124
0.06676247,0.033447299,0.088329412,0.017940959,0.512994647,0.482707642,0.157368102,125
0.015602869,-0.052051634,0.111633636,0.022048019,0.525200844,0.495332795,0.171858543,126
0.103163294,-0.015136558,0.138436496,0.028365069,0.520448208,0.50935793,0.131116147,127
-0.001883568,0.10324502,0.177301496,0.025395287,0.516207337,0.511443389,0.112284957,128
0.06092345,0.152498022,0.153743058,0.035694813,0.513006985,0.501372473,0.132313045,129
0.054610845,0.155574366,0.136253119,0.038836523,0.494615525,0.512540729,0.099438256,130
-0.044523209,0.132382333,0.132363439,0.035107186,0.498697996,0.523827754,0.098592448,131
-0.090598211,0.146170989,0.115315802,0.028140288,0.498932421,0.528049734,0.099789346,132
-0.093929619,0.12318261,0.115957625,0.026618676,0.492532045,0.520659787,0.141712681,133
-0.073574856,0.1188218,0.106722482,0.026939966,0.489075303,0.514687933,0.166879448,134
-0.114272162,0.10036198,0.134554982,0.025529285,0.492533594,0.541381609,0.158868214,135
-0.1123778,0.112302184,0.157370567,0.028583261,0.505584896,0.539758627,0.177827072,136
-0.028098445,0.185683981,0.170062214,0.029330032,0.492327988,0.531769928,0.183891354,137
-0.043089945,0.15322952,0.174866885,0.040113907,0.506219327,0.55370021,0.140946666,138
0.002425875,0.185164526,0.185527951,0.043724942,0.502728581,0.544618151,0.128802145,139
-0.094311148,0.196348935,0.161187887,0.038698539,0.516312301,0.535887337,0.146739651,140
0.033818182,0.183786213,0.151832998,0.039197622,0.503243864,0.556811763,0.139669975,141
0.019263068,0.13344723,0.14509362,0.038975636,0.509754062,0.591530394,0.108295299,142
0.034450952,0.159636229,0.147623777,0.033570721,0.495063454,0.589717916,0.12184418,143
-0.058845311,0.16128476,0.126100838,0.031945141,0.492284417,0.595723174,0.126105135,144
-0.046217404,0.160255179,0.129372358,0.031778372,0.473173767,0.613531898,0.104943985,145
-0.127932414,0.160225242,0.122413643,0.028536478,0.479609609,0.624406738,0.123759216,146
-0.158222377,0.16036737,0.116041653,0.026934297,0.475120664,0.630529627,0.140451949,147
-0.145917431,0.166838109,0.126449943,0.026522678,0.462754279,0.64449922,0.175449236,148
-0.215097636,0.136033833,0.128939748,0.028799838,0.490239531,0.649456579,0.154160416,149
-0.156796634,0.149233669,0.169532806,0.029084687,0.49351725,0.645449323,0.114423415,150
-0.170318902,0.154777616,0.16146034,0.032752404,0.519555151,0.615327602,0.126296639,151
0.000888449,0.186428934,0.148370117,0.033833619,0.503970504,0.633476523,0.114168076,152
0.028072653,0.147099093,0.134496421,0.035736933,0.501025259,0.613901234,0.123615588,153
0.032914221,0.147345141,0.120638452,0.03323061,0.485539019,0.603498483,0.131945996,154
-0.086225614,0.147563413,0.128350466,0.028567972,0.474395484,0.625430243,0.11424787,155
-0.1107402,0.171916574,0.130304784,0.028086084,0.465057552,0.608391665,0.128690434,156
-0.222776383,0.157001808,0.117872052,0.028437365,0.481506884,0.632635674,0.107736746,157
-0.15775089,0.177350909,0.134960979,0.027060145,0.465712786,0.617606012,0.094044237,158
-0.238840789,0.148563311,0.109457485,0.027704936,0.496912897,0.626094719,0.082761482,159
-0.147879139,0.140420035,0.114138953,0.026616032,0.48633346,0.611493447,0.131339568,160
-0.146814764,0.139926806,0.096926473,0.02374768,0.487878144,0.620452986,0.104177971,161
-0.094857126,0.092218705,0.12281815,0.025024408,0.488338798,0.602710407,0.116067154,162
-0.277514338,0.01633166,0.108714901,0.029295399,0.530184448,0.606165613,0.11646612,163
-0.092918761,0.119385101,0.148421466,0.021724683,0.511977315,0.612242029,0.118285404,164
0.000921848,0.06713143,0.122590415,0.026061465,0.533712566,0.597919837,0.14370751,165
0.162657946,0.027319863,0.130323529,0.034408538,0.514907241,0.594187784,0.167182663,166
0.07526505,0.120677531,0.147838861,0.029587548,0.493570864,0.599725694,0.194408094,167
-0.115652405,0.052834935,0.156507701,0.035208153,0.528395236,0.596808468,0.202323577,168
-0.054504186,0.065661944,0.198243946,0.03844022,0.537452936,0.611857242,0.181960359,169
0.060855549,0.135567963,0.215071172,0.036395803,0.546719015,0.584259331,0.201892694,170
0.007870164,-0.187860698,0.198364735,0.066519546,0.574055135,0.576015016,0.231687466,171
0.463653237,0.184448019,0.224895418,0.043232301,0.541884482,0.58268518,0.266525167,172
0.338263631,-0.088864282,0.20426023,0.06245017,0.570127189,0.594795834,0.25701382,173
0.527163625,-0.007939757,0.241222978,0.097363147,0.543764234,0.595468955,0.305815327,174
0.195102125,0.1310471,0.269273102,0.069795008,0.560752749,0.599952366,0.309565606,175
0.343792617,0.077735491,0.302781016,0.088690804,0.56526643,0.61517517,0.286617089,176
0.435179412,0.102630615,0.308201015,0.101675467,0.570023596,0.622263286,0.272509655,177
0.508125424,0.15999198,0.306037247,0.108419704,0.566464603,0.618256693,0.210925282,178
0.53886342,0.190080613,0.288932651,0.127050681,0.558743417,0.603534693,0.213271201,179
0.447177619,0.159901798,0.243920416,0.125571761,0.556592047,0.581594301,0.207941017,180
0.384022713,0.198070034,0.241339266,0.089046825,0.54145366,0.572859977,0.245603396,181
0.302268684,0.160616979,0.214435518,0.073309963,0.547012925,0.548250866,0.242954263,182
0.301831931,0.099800631,0.240565032,0.073050993,0.543885231,0.55207374,0.22883087,183
0.273703784,0.186062738,0.248443067,0.067741867,0.541924477,0.565265071,0.232660943,184
0.249539942,0.196088478,0.246526659,0.069841647,0.542550802,0.555482567,0.221729278,185
0.175111592,0.0567635,0.242390752,0.090434816,0.559416294,0.543391257,0.236522933,186
0.36733821,0.2815862,0.250388026,0.057615358,0.533589363,0.529742078,0.197759408,187
0.303088158,0.126031443,0.228191733,0.072992976,0.551343322,0.530904966,0.209696467,188
0.405662745,0.201358691,0.217610121,0.090218736,0.512998044,0.556514379,0.195030481,189
0.094304733,0.225975633,0.21950233,0.061338584,0.518295646,0.53904816,0.21094124,190
0.143750191,0.238833025,0.20184949,0.059714812,0.514194608,0.558478428,0.203488558,191
0.103069678,0.212013453,0.213127524,0.055346844,0.511829913,0.592671757,0.202850212,192
0.098352343,0.222672477,0.20650214,0.05825955,0.511271,0.593790909,0.246130031,193
0.071433201,0.240966186,0.21165657,0.052556126,0.503776193,0.606221325,0.230953369,194
0.031251952,0.188060462,0.231892407,0.061848674,0.523721576,0.615233099,0.255322205,195
0.1420037,0.274412721,0.239424765,0.056537411,0.511155605,0.628401282,0.23795921,196
0.088427573,0.22693567,0.252860546,0.066579908,0.526329458,0.627705112,0.218649261,197
0.223485842,0.286442578,0.246515274,0.077194819,0.509491861,0.630927432,0.204366283,198
0.089671038,0.275205135,0.230891794,0.069095306,0.514954805,0.604514972,0.217803453,199
0.154445082,0.279787004,0.215596855,0.070788593,0.499080211,0.614156757,0.23468769,200
0.068226106,0.253630102,0.213962823,0.062581361,0.502004325,0.627578758,0.222734672,201
0.072260678,0.252173364,0.227220327,0.060802769,0.500408471,0.675236569,0.244374581,202
0.024092657,0.263073981,0.225806057,0.059409202,0.505827725,0.682880817,0.242315917,203
0.03288307,0.24819316,0.243190914,0.06535627,0.513233423,0.680412898,0.236842105,204
0.111635827,0.287971109,0.244771361,0.063975249,0.510857761,0.690590518,0.242842552,205
0.112011835,0.266637534,0.241080284,0.06917062,0.515462875,0.702324593,0.245475727,206
0.181271389,0.287828594,0.245853841,0.074853724,0.497409105,0.704406151,0.228814912,207
0.018172126,0.249045551,0.239537477,0.076535492,0.522365987,0.728803519,0.227985063,208
0.126195595,0.305875957,0.245569706,0.06581576,0.504981995,0.714723531,0.213590374,209
0.098923221,0.275533944,0.230408669,0.066519909,0.514844716,0.719076822,0.193785707,210
0.171837986,0.264484495,0.219171822,0.074659246,0.501045465,0.716415609,0.205882353,211
0.024826806,0.259871185,0.203277498,0.062445057,0.502910912,0.700916164,0.199466982,212
0.050124969,0.263183147,0.208719254,0.05445808,0.494023144,0.689666918,0.166017682,213
0.010038109,0.229691163,0.195461869,0.055294804,0.508704185,0.684106999,0.146994989,214
-0.02406228,0.210608959,0.182811677,0.054138089,0.512358904,0.621933674,0.162570617,215
-0.038653284,0.211451799,0.168433219,0.044355951,0.514867485,0.610150157,0.170007341,216
0.034988962,0.154743031,0.166776747,0.041700778,0.522810102,0.629616372,0.172895854,217
0.127407342,0.145343646,0.172137946,0.041270404,0.515179038,0.629750157,0.15984169,218
0.092730843,0.160469323,0.177920848,0.041583791,0.507394195,0.641387395,0.158660751,219
0.050624594,0.188374132,0.170078069,0.043052123,0.498771936,0.632316324,0.17516198,220
0.001144966,0.200854972,0.166214079,0.040732585,0.490826279,0.600847417,0.20861128,221
-0.036012083,0.185195059,0.170573294,0.041271312,0.496183217,0.60879773,0.213797836,222
-0.058299206,0.171048477,0.197866917,0.042900497,0.50879401,0.61028591,0.206536657,223
0.003184674,0.219049037,0.215349287,0.043034192,0.511224985,0.642063625,0.19118445,224
0.083005279,0.239593476,0.214988828,0.049615931,0.507116139,0.656390187,0.180939006,225
0.109496787,0.239550352,0.199167848,0.059725478,0.498121232,0.640639959,0.173502282,226
0.058911294,0.258761227,0.188528121,0.05333404,0.479148149,0.661030263,0.181609269,227
-0.038876813,0.242623508,0.171916246,0.048438555,0.481694132,0.656605858,0.165491047,228
-0.042766467,0.237457171,0.178127557,0.045216279,0.471367925,0.660933348,0.16370368,229
-0.11855945,0.235621855,0.164196759,0.042014239,0.479424149,0.66603005,0.183971147,230
-0.113077432,0.227164075,0.166560322,0.040594927,0.476330936,0.663360084,0.183859436,231
-0.092886791,0.223504871,0.175656229,0.039916822,0.479844242,0.651158719,0.186189397,232
-0.101332188,0.212192699,0.178141057,0.041522512,0.492612273,0.654400794,0.181034758,233
-0.027901571,0.241843998,0.190829724,0.041032859,0.475661457,0.655137718,0.187785261,234
-0.075136766,0.229037613,0.177235216,0.045587258,0.488914192,0.656678449,0.161692892,235
-0.050931346,0.227940336,0.187485039,0.046973669,0.483795792,0.67700648,0.159682104,236
-0.111874394,0.237017766,0.168064505,0.042520246,0.494478554,0.683080419,0.166065558,237
-0.071792811,0.209604874,0.167593539,0.042062839,0.496198088,0.680022175,0.167517794,238
-0.026978111,0.199042276,0.166355044,0.041197256,0.497791767,0.670502898,0.164916536,239
-0.050488871,0.175609186,0.16903013,0.039977999,0.5063954,0.663237396,0.179438894,240
-0.129929483,0.106683783,0.171011925,0.044419435,0.531857193,0.624322766,0.15937889,241
0.071941167,0.19644025,0.196039349,0.0354431,0.517703891,0.670152421,0.169895631,242
0.096063234,0.135812581,0.166496038,0.041822256,0.533890069,0.678580865,0.166432607,243
0.232967883,0.152394012,0.180615962,0.049848282,0.498749286,0.693968791,0.157495771,244
0.036055334,0.181758925,0.167613149,0.043837378,0.504043698,0.668855564,0.158756503,245
0.003202007,0.192485914,0.167655945,0.040716498,0.495203197,0.677412839,0.172305384,246
-0.031111771,0.194991961,0.163591057,0.039470651,0.494451553,0.67048072,0.184242444,247
-0.030913264,0.185049057,0.170111507,0.039719948,0.496312112,0.656077093,0.180316619,248
-0.048064776,0.180454955,0.181490332,0.040749877,0.503814995,0.637277443,0.155357314,249
-0.01701148,0.206848085,0.187088311,0.040778612,0.502605915,0.615736996,0.117455555,250
-0.44188711,-0.11202278,0.156218737,0.061042566,0.567556322,0.64486499,0.110481632,251
0.210734963,0.235494196,0.186789662,0.028145804,0.53587836,0.653594681,0.111375315,252
0.212833136,-0.04102394,0.118944548,0.034199617,0.563783526,0.660403424,0.109651783,253
0.473911852,-0.083183683,0.117077537,0.058049463,0.515103161,0.657462631,0.107242029,254
0.061850753,0.071242787,0.124747209,0.03047484,0.509340167,0.653524666,0.133286521,255
-0.027174167,0.093646042,0.121751569,0.027000505,0.507469833,0.630391248,0.120854745,256
0.003459627,0.102201007,0.135654598,0.027595937,0.49891749,0.645900925,0.121333504,257
-0.02759878,0.125514701,0.128000915,0.028669073,0.496284842,0.668642504,0.123583671,258
-0.087239332,0.126138613,0.132784963,0.02976725,0.492053598,0.676333,0.127381826,259
-0.102137446,0.148659289,0.130749077,0.028857355,0.491480142,0.697905027,0.140691328,260
-0.113108255,0.136332482,0.132367641,0.028074731,0.498347908,0.697719976,0.156378666,261
-0.066150911,0.129771188,0.143341333,0.030402166,0.497833878,0.71916738,0.152213463,262
-0.082141131,0.131252408,0.156128615,0.031821368,0.506009519,0.712326161,0.165411254,263
-0.02448358,0.168664739,0.161293149,0.032174392,0.501034319,0.738926425,0.158724586,264
-0.003839105,0.162183151,0.167449623,0.036524931,0.501211107,0.751534607,0.158740545,265
0.019799117,0.186735958,0.163633376,0.039323676,0.492119372,0.739329381,0.146643899,266
-0.03662895,0.19810833,0.16405493,0.037570621,0.485972494,0.720193243,0.153250774,267
-0.075643346,0.192858383,0.150814176,0.039041703,0.489655852,0.723035884,0.137324056,268
-0.075414911,0.19933632,0.157632321,0.035638706,0.481573671,0.697316048,0.142574447,269
-0.133568808,0.177148566,0.14026925,0.035725551,0.498432606,0.678467044,0.144250104,270
-0.081324607,0.173096687,0.151699007,0.033935028,0.49152115,0.676859116,0.154958348,271
-0.062484827,0.181178436,0.147058696,0.032146281,0.493098706,0.662202652,0.136478248,272
-0.056040142,0.149358511,0.153977513,0.035388611,0.497690558,0.691236344,0.134100412,273
-0.053081345,0.18347016,0.148113847,0.034443285,0.488880187,0.691411496,0.149548371,274
-0.106045924,0.174455196,0.142840534,0.032715738,0.492570639,0.716588188,0.134148288,275
-0.062586576,0.157763213,0.148334414,0.034639182,0.494232357,0.711347973,0.110912515,276
-0.074141525,0.174753085,0.142555147,0.031729025,0.492634565,0.719104518,0.082681689,277
-0.123839118,0.147647515,0.12659055,0.032710275,0.499844283,0.691928833,0.072691583,278
-0.133746967,0.131854594,0.10515175,0.030405325,0.502240419,0.697848048,0.079138872,279
-0.135699943,0.103381447,0.093846463,0.024298076,0.506184161,0.719881919,0.100427691,280
-0.064178243,0.062445853,0.092220031,0.022657721,0.505393803,0.717337669,0.126919026,281
-0.032817498,0.057891641,0.105166666,0.022175247,0.496284187,0.72086839,0.131754492,282
-0.101543576,0.052363463,0.123851992,0.024147261,0.504568219,0.72083232,0.15446363,283
-0.096739285,0.10209018,0.139775902,0.02503727,0.504400671,0.721806056,0.145877885,284
-0.066751428,0.116037533,0.157449633,0.02809561,0.51042223,0.710409756,0.239874246,285
0.029308349,0.148073673,0.154155821,0.033012996,0.504752636,0.741578766,0.280090007,286
-0.240488186,-0.100140326,0.210549891,0.051561036,0.55726099,0.720300006,0.293223963,287
0.055125024,0.046895623,0.270372123,0.045021374,0.565383613,0.737147125,0.282419967,288
0.341071457,0.116132759,0.295358896,0.048914132,0.571490824,0.737958486,0.2916281,289
0.600784779,0.074130692,0.272249907,0.118339057,0.562307477,0.743053859,0.323944336,290
0.544232726,0.186629176,0.290192783,0.139978243,0.543027222,0.700722405,0.315661805,291
0.283916622,0.131905749,0.314379811,0.133055874,0.561551273,0.724845802,0.32319428,292
0.371901721,0.299470752,0.334320784,0.099573992,0.55702275,0.711891316,0.315007501,293
0.440064311,0.269506156,0.330236733,0.111116828,0.561143696,0.718925132,0.32261977,294
0.546381295,0.266021222,0.316289425,0.162614186,0.547088623,0.730578101,0.323146405,295
0.437782586,0.322284609,0.327103376,0.145223158,0.534137428,0.72771027,0.348999394,296
0.326068223,0.332366556,0.324570805,0.138757478,0.537715197,0.734774349,0.3524305,297
0.288968086,0.321563929,0.346764684,0.136840144,0.5435673,0.755491688,0.34283936,298
0.335718632,0.362205833,0.356314808,0.133066447,0.546291053,0.757936488,0.356579745,299
0.399855286,0.373627424,0.353712827,0.144409033,0.542908072,0.765593388,0.338418818,300
0.368611664,0.303852081,0.355640292,0.181562987,0.552137792,0.761146818,0.348616386,301
0.317744881,0.319910794,0.355247438,0.160537775,0.559580863,0.772799651,0.361383295,302
0.432520449,0.382766962,0.367589802,0.125239955,0.554908574,0.776304939,0.358175609,303
0.505976498,0.280276209,0.351819426,0.17453848,0.560400486,0.767929955,0.377677061,304
0.539292693,0.35623166,0.362305522,0.186180395,0.539049506,0.765545389,0.370128627,305
0.365773171,0.343211949,0.374393225,0.177559218,0.551025927,0.785968791,0.362468482,306
0.441933393,0.41660744,0.379856557,0.171522973,0.53948307,0.81525631,0.363697297,307
0.395610571,0.402282089,0.369815916,0.173008972,0.542725205,0.829440054,0.35523922,308
0.437467754,0.399590403,0.367273241,0.198393842,0.531796336,0.827093156,0.336216527,309
0.323336422,0.399268359,0.359759003,0.177696104,0.536960781,0.814820217,0.348616386,310
0.313551426,0.40450868,0.3509188,0.160359755,0.536985457,0.818702902,0.350467588,311
0.347021669,0.389732897,0.352738798,0.154865355,0.536399424,0.822373764,0.348408924,312
0.371425956,0.379146576,0.348918855,0.160548881,0.535953104,0.804562387,0.350627174,313
0.349209666,0.383016348,0.353425026,0.157478409,0.53135103,0.815222207,0.332115158,314
0.331739634,0.396466404,0.354032815,0.155980501,0.528121293,0.822582805,0.292601577,315
0.248372436,0.361688405,0.337579399,0.163063912,0.543370426,0.834859297,0.315645846,316
0.285785288,0.385044396,0.321963549,0.138214225,0.539460361,0.828217232,0.337892183,317
0.348062366,0.364457339,0.322050333,0.121330528,0.535837948,0.82325854,0.343940506,318
0.400989205,0.318474591,0.321130574,0.14242116,0.534735799,0.821609309,0.350978264,319
0.381622612,0.374530286,0.342236578,0.13321882,0.507688284,0.798384698,0.354042322,320
0.241725594,0.378225118,0.343787163,0.144540768,0.515694857,0.804727331,0.350786761,321
0.252412289,0.405294925,0.352623433,0.15066208,0.506497979,0.798383194,0.337908142,322
0.196978644,0.412326336,0.34851867,0.143012512,0.513635278,0.793170412,0.341977594,323
0.263928503,0.416590184,0.340464205,0.149798582,0.503641069,0.807574104,0.340748779,324
0.183751926,0.387171596,0.334275424,0.159278808,0.517499208,0.807142732,0.382049727,325
0.214828819,0.410258144,0.342410684,0.140282118,0.511836529,0.819963059,0.387715043,326
0.163319543,0.370449454,0.365552485,0.144281447,0.537545562,0.804907132,0.391209984,327
0.326567262,0.406377912,0.384405375,0.159897498,0.53744638,0.786741197,0.383198749,328
0.34872508,0.419669837,0.395692348,0.166767058,0.540226877,0.754823295,0.381347547,329
0.42362988,0.429999202,0.387950242,0.204309246,0.535280168,0.767570718,0.38377326,330
0.386752129,0.429020196,0.385216892,0.205145121,0.532312989,0.7292102,0.385576585,331
0.358439952,0.43286097,0.384774834,0.196368903,0.531924427,0.734637322,0.362963199,332
0.350730211,0.432047099,0.386066437,0.190050495,0.533076167,0.743831727,0.366761355,333
0.334797323,0.424748778,0.371723592,0.193288046,0.537101805,0.720915627,0.357904312,334
0.387422055,0.440777451,0.376116663,0.176704683,0.520589709,0.755768796,0.358718202,335
0.333057821,0.412928939,0.353053093,0.18498781,0.529375851,0.729911549,0.345632122,336
0.345182002,0.417049229,0.362449825,0.176460409,0.511900902,0.731076847,0.331955571,337
0.231639281,0.415000498,0.34535706,0.160866065,0.52204895,0.722347573,0.30975711,338
0.237438932,0.401772231,0.338742316,0.157225193,0.524391294,0.751397562,0.320545147,339
0.240219861,0.400522381,0.321063876,0.140695956,0.525270641,0.749401476,0.302639558,340
0.276838392,0.376172334,0.321948737,0.132285174,0.523163855,0.784329559,0.315374549,341
0.26868847,0.359606653,0.304368734,0.132782757,0.525298715,0.784852922,0.287446938,342
0.250508279,0.355477899,0.318701863,0.121591899,0.517822504,0.784633882,0.293942102,343
0.192204192,0.353158623,0.29287836,0.118976463,0.528916597,0.788340971,0.318310938,344
0.251414001,0.353460789,0.303894132,0.10811677,0.515896738,0.794237835,0.328189333,345
0.219589323,0.318714797,0.304957807,0.1170842,0.530295312,0.755208719,0.345711915,346
0.265120149,0.34231928,0.326163739,0.114880384,0.525080681,0.727485389,0.360409818,347
0.23525022,0.348457545,0.342519343,0.121168198,0.533778727,0.726457584,0.361096039,348
0.304050922,0.362049818,0.357288003,0.142237025,0.536764145,0.701831055,0.34226485,349
0.339776307,0.394699037,0.365323842,0.146664096,0.534483075,0.686318873,0.336583575,350
0.364558905,0.405973554,0.352268398,0.160223148,0.529112637,0.658869284,0.332147075,351
0.348293811,0.397543371,0.342422545,0.169016332,0.520672917,0.665626104,0.334923877,352
0.299296677,0.403881788,0.333595783,0.152855911,0.512417138,0.67853737,0.358622451,353
0.234236076,0.388410211,0.33115834,0.142683454,0.515494585,0.685026065,0.35067505,354
0.23128444,0.382372409,0.34908545,0.144708914,0.518657863,0.694824932,0.345727873,355
0.235937312,0.405342907,0.350782812,0.139046624,0.521452665,0.692161195,0.335418595,356
0.252159983,0.397749454,0.350195616,0.149457445,0.52456069,0.680471132,0.350339919,357
0.300472945,0.410362273,0.341119587,0.154271988,0.516699374,0.703659713,0.344052217,358
0.245380327,0.383952856,0.344329208,0.152866776,0.525282562,0.706220019,0.366378347,359
0.264759004,0.395235121,0.3454763,0.149311452,0.526112616,0.71242623,0.369171108,360
0.232247844,0.373659909,0.363204896,0.14810778,0.53844142,0.734504292,0.376863171,361
0.343379974,0.405318022,0.371012002,0.154290599,0.53723973,0.722880368,0.362053557,362
0.330097765,0.373766243,0.377222538,0.170531686,0.547766984,0.756857472,0.386486228,363
0.403068006,0.405933857,0.375127554,0.180869002,0.543030381,0.775742423,0.382927452,364
0.415129304,0.414241761,0.387102276,0.171086888,0.539114356,0.776684463,0.378698414,365
0.439076513,0.408867717,0.377979696,0.199017644,0.537859201,0.757971261,0.382640197,366
0.382528245,0.411699831,0.384647191,0.200347633,0.532603264,0.761512708,0.371915994,367
0.345707566,0.436245918,0.386173844,0.186467083,0.531513035,0.763768584,0.397034886,368
0.32294488,0.418869764,0.375061333,0.188191781,0.541342258,0.765263382,0.405365293,369
0.389383763,0.418481946,0.395820975,0.190436775,0.536365688,0.787371907,0.40996138,370
0.363505274,0.413426608,0.39852789,0.19702649,0.547519565,0.820848667,0.420781335,371
0.437456876,0.442698419,0.414347291,0.200356292,0.539334953,0.826097014,0.429000032,372
0.435175896,0.44422254,0.416405112,0.222945926,0.541395903,0.818943011,0.427547796,373
0.463953048,0.460945964,0.42459929,0.241156337,0.531900942,0.794808741,0.431106572,374
0.390769243,0.461283833,0.424158722,0.246378399,0.53710568,0.795310198,0.421818646,375
0.398398936,0.475676298,0.431711197,0.245317395,0.53480792,0.786073622,0.425824264,376
0.398537993,0.483081788,0.424070269,0.239373458,0.537084877,0.787701946,0.4048227,377
0.408698201,0.462385088,0.424255788,0.256465773,0.540591955,0.779219973,0.38096454,378
0.364531606,0.452316731,0.412058473,0.251923724,0.550157666,0.773083828,0.388433181,379
0.423978597,0.480879396,0.405480772,0.205911144,0.542626083,0.791700867,0.396955092,380
0.453645349,0.430973977,0.388967097,0.220020392,0.54627043,0.803417967,0.391497239,381
0.487250328,0.424364626,0.392680645,0.230220359,0.533796966,0.804470161,0.405652549,382
0.39131996,0.441161722,0.393738449,0.201234474,0.529659271,0.795616523,0.404679072,383
0.348605394,0.428775012,0.400969863,0.212318586,0.535073996,0.772187053,0.421132425,384
0.37715885,0.457441688,0.405699432,0.20478891,0.530796826,0.783872198,0.418706712,385
0.369911879,0.447955519,0.415041387,0.210700048,0.535415232,0.769460161,0.418323705,386
0.384273797,0.445258409,0.415114462,0.239981602,0.540851533,0.782901708,0.427420127,387
0.41243577,0.47878474,0.425508797,0.216800607,0.530508518,0.753034879,0.421483515,388
0.392526567,0.455923736,0.419245154,0.241719033,0.541772962,0.780219911,0.427930803,389
0.457437873,0.478011131,0.42400375,0.247473046,0.526429117,0.763951643,0.416440586,390
0.373481363,0.467623115,0.422693968,0.241072111,0.532983601,0.710383753,0.411142319,391
0.410792202,0.480915129,0.418021739,0.246710579,0.524292827,0.740805245,0.409945421,392
0.359861732,0.472929895,0.411210805,0.234612199,0.524472177,0.748762456,0.420047238,393
0.361200184,0.467767715,0.406416118,0.238886217,0.523361742,0.712604608,0.417366187,394
0.345614344,0.467155874,0.413685232,0.22367999,0.522119582,0.701190593,0.424052855,395
0.337585449,0.466524839,0.411855549,0.225569626,0.526529729,0.690261437,0.439676359,396
0.346751362,0.464847594,0.419968218,0.232603306,0.527525544,0.670332241,0.399460598,397
0.358865589,0.47286886,0.430614352,0.234748997,0.530964911,0.678112968,0.409099614,398
0.349923998,0.478390127,0.408435524,0.237538173,0.537479103,0.679283531,0.430962944,399
0.398143768,0.471390486,0.4165622,0.233313305,0.528465569,0.617614214,0.424866745,400
0.408425629,0.466216654,0.415860534,0.236690472,0.532337248,0.595933616,0.438160289,401
0.410574079,0.467441559,0.420876324,0.234196836,0.526359558,0.644353814,0.446905621,402
0.37103793,0.466854781,0.431605399,0.246850293,0.526349545,0.630983596,0.453751875,403
0.360464931,0.481995851,0.43737936,0.252058192,0.531222641,0.67332418,0.457518113,404
0.359390467,0.484245479,0.447242975,0.253235971,0.539504409,0.684151671,0.456209505,405
0.404922515,0.488580763,0.453838468,0.271714575,0.545604885,0.698317769,0.468768951,406
0.443119943,0.495717466,0.457134843,0.277005111,0.549074054,0.697899559,0.458667135,407
0.511664569,0.508359075,0.46564877,0.282076547,0.54295826,0.674373947,0.4805943,408
0.490644604,0.489332587,0.453457892,0.316023073,0.548508584,0.710658896,0.482892343,409
0.509504855,0.50755614,0.476306677,0.30872373,0.536062658,0.68131856,0.495180492,410
0.45306772,0.513053715,0.471589088,0.306271187,0.54601723,0.688576567,0.508761291,411
0.497780234,0.515023649,0.489378095,0.326408071,0.541639566,0.72275432,0.483690275,412
0.475700796,0.522810757,0.497662187,0.340875307,0.548174322,0.701974319,0.486961795,413
0.49357,0.540138781,0.490371466,0.340464139,0.548645139,0.668459404,0.480338961,414
0.516230166,0.535515308,0.490514457,0.34390959,0.546286762,0.692194895,0.508968753,415
0.533044338,0.532787442,0.476564467,0.355884128,0.544611514,0.686092123,0.510564617,416
0.519898236,0.521378934,0.496125519,0.346989066,0.540285647,0.66478716,0.51508091,417
0.499175847,0.534151971,0.498777807,0.352532324,0.542295992,0.691479929,0.497015735,418
0.489461154,0.538366795,0.510582089,0.357273706,0.541541934,0.698867449,0.505569564,419
0.487469018,0.54899627,0.4974792,0.371695119,0.544349134,0.668386757,0.518288596,420
0.51317066,0.548171639,0.50355953,0.362485826,0.538572073,0.669109433,0.518527975,421
0.503025293,0.538759947,0.502663374,0.378343447,0.544632077,0.669380419,0.519038652,422
0.53093636,0.551125526,0.513710976,0.368190654,0.533237457,0.696430774,0.517155533,423
0.478634387,0.543990672,0.508763373,0.38360569,0.540091932,0.71407238,0.515432,424
0.497733533,0.552660644,0.511716545,0.392581742,0.535538673,0.703495446,0.521576075,425
0.411383718,0.542336822,0.506456852,0.382136303,0.553229868,0.677103185,0.509495388,426
0.528427124,0.567432344,0.525049925,0.358835736,0.54678452,0.732174133,0.516006511,427
0.553587317,0.559563279,0.506765366,0.372339464,0.548843265,0.745714777,0.514570234,428
0.580233276,0.540947556,0.508672953,0.42214552,0.538607895,0.755620611,0.508458077,429
0.511195481,0.551581562,0.506943941,0.3916617,0.533979118,0.74610145,0.499824455,430
0.453567117,0.54793191,0.502786517,0.368822899,0.539604604,0.761330512,0.511841307,431
0.490730613,0.551493943,0.498507023,0.370181163,0.535394073,0.766804725,0.510245444,432
0.484560132,0.542354524,0.500624001,0.370006923,0.536660373,0.750499093,0.51064441,433
0.485995322,0.543633997,0.500354707,0.373259992,0.53664124,0.765493208,0.507085634,434
0.475259066,0.545344651,0.505351782,0.361730698,0.534233928,0.784764837,0.518448182,435
0.46775791,0.545006275,0.499226809,0.373127282,0.538203597,0.740279292,0.530592704,436
0.494582325,0.547779262,0.50961709,0.368468131,0.532345653,0.793116391,0.522549552,437
0.475366324,0.545053005,0.513937473,0.379375397,0.538897574,0.769858623,0.518001341,438
0.496887088,0.554932892,0.518188417,0.384798188,0.534057856,0.71667761,0.516995947,439
0.464666933,0.553294182,0.512129486,0.389252223,0.539134741,0.710974514,0.490616322,440
0.478672147,0.555400133,0.510474026,0.394467466,0.542190433,0.715968572,0.493983595,441
0.396722734,0.533244014,0.490875304,0.382559405,0.561119556,0.667011385,0.494238933,442
0.561092854,0.572586656,0.509640038,0.323019564,0.546499431,0.631908266,0.478407967,443
0.566609502,0.529388249,0.481508672,0.360263656,0.556194961,0.663916978,0.497558329,444
0.611666679,0.528842092,0.480349123,0.396735412,0.530560434,0.653519828,0.500893684,445
0.469168156,0.52431047,0.485803068,0.348956288,0.53095907,0.712659548,0.471960678,446
0.45120731,0.532238126,0.48742336,0.34201682,0.532701671,0.700576787,0.472184099,447
0.42328006,0.53354758,0.474711955,0.330868802,0.53459698,0.704937317,0.45719894,448
0.446853757,0.529384196,0.471351147,0.334002104,0.530496836,0.721807191,0.474928984,449
0.420786262,0.521632135,0.451252401,0.326361424,0.537997365,0.72092061,0.470987201,450
0.454402685,0.516000032,0.468859613,0.299641391,0.529395282,0.706889579,0.477179152,451
0.440968484,0.513987601,0.459151447,0.306047204,0.534488738,0.689215677,0.46351856,452
0.458452165,0.511758447,0.470856905,0.312480045,0.524290681,0.690931085,0.462513166,453
0.397830725,0.515337169,0.456365049,0.31485988,0.53061831,0.70220112,0.429893715,454
0.401971132,0.515436649,0.459852695,0.301202537,0.527900696,0.640941388,0.450081389,455
0.372094989,0.51214838,0.432399273,0.293460436,0.537301183,0.627575124,0.456480802,456
0.432088763,0.50118494,0.447858512,0.276506333,0.528151572,0.63042654,0.437027225,457
0.432592154,0.498238564,0.441591084,0.276656231,0.532260895,0.667140713,0.431202324,458
0.420132101,0.49219653,0.438285828,0.279416986,0.526496112,0.596241582,0.410248636,459
0.388974905,0.496294707,0.432657719,0.270963041,0.519419253,0.618280887,0.406929239,460
0.348352432,0.491121352,0.409163713,0.257588575,0.523585677,0.641580924,0.37429383,461
0.345701665,0.475008428,0.406593978,0.2425871,0.520784378,0.619485719,0.383278542,462
0.294577181,0.465813309,0.378609002,0.225369371,0.529022992,0.6452397,0.41663209,463
0.33103773,0.454527348,0.38791576,0.196982344,0.521159947,0.650986602,0.425377422,464
0.33973217,0.433904141,0.397293091,0.202394399,0.531331182,0.671067105,0.44060196,465
0.379259884,0.447890311,0.415903866,0.207366936,0.526617944,0.690104808,0.449857968,466
0.365726918,0.462891549,0.43302989,0.220258444,0.525406837,0.69732814,0.437729405,467
0.382194996,0.477706969,0.439153075,0.251346388,0.527244866,0.726655656,0.443235135,468
0.377760589,0.491408706,0.437004864,0.25666883,0.52544558,0.73569715,0.451629377,469
0.369891107,0.488967031,0.438325405,0.265109099,0.527733266,0.75512667,0.433979126,470
0.376778662,0.489773214,0.441572189,0.271440231,0.533348978,0.737176872,0.447224793,471
0.376345038,0.495393217,0.436612546,0.260489661,0.537083507,0.716348482,0.449474961,472
0.428682804,0.494727492,0.445464075,0.261058475,0.53223002,0.726933929,0.452682647,473
0.442023575,0.491549462,0.439452767,0.278107627,0.533774793,0.707878388,0.459640612,474
0.437327027,0.492590189,0.44776094,0.276985118,0.525268495,0.697864525,0.466423032,475
0.403934807,0.497756928,0.449840605,0.278692166,0.524684191,0.743737,0.46433245,476
0.388613045,0.498919338,0.454685032,0.286721168,0.527699709,0.734900371,0.469614759,477
0.402431339,0.509907126,0.458313406,0.283599307,0.523996413,0.73023168,0.48187099,478
0.399179071,0.507263124,0.459148049,0.294424436,0.526443958,0.736757196,0.482445501,479
0.417987108,0.510302186,0.468014181,0.307660351,0.524812579,0.70112547,0.485701063,480
0.404692054,0.517340958,0.471833527,0.303905082,0.525465846,0.728105118,0.474019342,481
0.415499598,0.519450545,0.476090789,0.31486188,0.524410307,0.701245098,0.464300533,482
0.415072978,0.523576677,0.466786265,0.323981871,0.523550868,0.738319452,0.480977307,483
0.390135288,0.519174099,0.458961546,0.318632655,0.524606287,0.762914024,0.470125435,484
0.401538789,0.517238379,0.467564166,0.309349569,0.52439481,0.753017179,0.472216016,485
0.391167909,0.517382026,0.459742606,0.306732,0.531855702,0.756276143,0.480642175,486
0.419551134,0.516055942,0.468539059,0.305570559,0.526892126,0.773782971,0.477530242,487
0.429733902,0.51952678,0.468315899,0.309995353,0.526991725,0.789781856,0.482126329,488
0.427508831,0.51649183,0.467282951,0.316713957,0.526618659,0.783448782,0.468609365,489
0.411826521,0.51671946,0.472747982,0.31992471,0.52577424,0.803428172,0.473317162,490
0.405432373,0.52508688,0.46357584,0.310127234,0.525196791,0.813683005,0.464651623,491
0.418155611,0.517424524,0.464687288,0.309945614,0.521919549,0.810898336,0.461252434,492
0.423867881,0.516784787,0.454610646,0.314187429,0.516680241,0.82682177,0.484376496,493
0.34052515,0.502243757,0.450055718,0.312369982,0.527422369,0.831710432,0.482764674,494
0.3807877,0.516201556,0.472259521,0.288891034,0.524016738,0.831947311,0.464029236,495
0.392961353,0.519112468,0.469304383,0.290098592,0.534789681,0.804765292,0.466949666,496
0.446234941,0.516499221,0.464422643,0.323979282,0.529833198,0.814205734,0.46889662,497
0.443983227,0.521928847,0.463301897,0.311493736,0.517784178,0.824719033,0.459991702,498
0.391629428,0.509884357,0.452605069,0.312379331,0.527703762,0.818511296,0.453911461,499
0.390905797,0.509970844,0.454996228,0.304682071,0.525155604,0.813195245,0.437107019,500
0.363172621,0.512550116,0.450826943,0.283530663,0.529264748,0.788134954,0.45638505,501
0.39785859,0.50910902,0.437255085,0.284120014,0.530469418,0.810933588,0.450623983,502
0.424319118,0.496480405,0.446944892,0.282192256,0.525410771,0.805888366,0.427547796,503
0.401522279,0.497611165,0.440455735,0.280729078,0.528537691,0.810860173,0.443235135,504
0.36575529,0.4945696,0.43248415,0.271239127,0.528737307,0.823596205,0.447575883,505
0.37096107,0.491277874,0.438100278,0.26604971,0.530702591,0.807827286,0.430739523,506
0.230003983,0.413386703,0.432077587,0.281494696,0.564505398,0.813675445,0.44679391,507
0.489441037,0.523607194,0.456742346,0.210834898,0.551086545,0.819421956,0.455156235,508
0.527656794,0.457273126,0.43997854,0.248308923,0.562192857,0.874202819,0.4660879,509
0.633764803,0.455461413,0.44203347,0.337812197,0.541476607,0.87378642,0.465481472,510
0.495946974,0.489615202,0.458757877,0.288359158,0.535299003,0.896907554,0.486195781,511
0.45401898,0.503633857,0.459369481,0.292943177,0.533895671,0.875179981,0.448932367,512
0.428653955,0.49999553,0.473506033,0.308501978,0.538429081,0.876918574,0.466486866,513
0.425194085,0.523572683,0.455322683,0.30113453,0.540388584,0.871842935,0.45322524,514
0.445653379,0.510138273,0.466348588,0.294565278,0.538578689,0.889854416,0.453735917,515
0.469368786,0.509848773,0.447241724,0.313256617,0.542753518,0.886436259,0.452491143,516
0.459882766,0.501859725,0.455674589,0.290444882,0.536678016,0.895709244,0.474147011,517
0.455164164,0.506122291,0.44852668,0.290497338,0.535960615,0.905421569,0.449826051,518
0.449228764,0.494142085,0.461111963,0.295779942,0.536453009,0.921000098,0.479796368,519
0.432442784,0.509318829,0.450474143,0.293918903,0.537157118,0.907085011,0.478551594,520
0.425529212,0.49930501,0.47181803,0.292296832,0.538359582,0.922591428,0.469614759,521
0.471086293,0.520734489,0.468371928,0.303189383,0.538963377,0.923040328,0.475503495,522
0.468601078,0.514635801,0.469584763,0.30709883,0.535069823,0.943354788,0.466806039,523
0.464006841,0.513756216,0.46798861,0.332658186,0.53308022,0.914034102,0.473764004,524
0.419659466,0.518671811,0.462069154,0.313876579,0.536606312,0.930536946,0.485254221,525
0.434918433,0.518357694,0.46984607,0.299101498,0.535805285,0.89987762,0.475519454,526
0.442229509,0.508441389,0.472368538,0.320354451,0.544242263,0.861686011,0.485142511,527
0.486884296,0.528431654,0.476922929,0.310775382,0.53573209,0.869191356,0.488589576,528
0.460844159,0.516225815,0.477147698,0.323638253,0.540432274,0.873492437,0.47684402,529
0.49141854,0.524441838,0.480486393,0.340725896,0.535853088,0.869204892,0.470795698,530
0.4479177,0.527714729,0.475527048,0.321626368,0.536887765,0.874009759,0.4731097,531
0.464872092,0.526308835,0.469669282,0.32741572,0.533034146,0.886542525,0.485988318,532
0.447957098,0.518369079,0.464695215,0.328049247,0.534671485,0.90780701,0.481312438,533
0.450125903,0.519084811,0.475558996,0.315436165,0.532216311,0.900266424,0.489850308,534
0.428296328,0.519301057,0.473146379,0.317530205,0.538152277,0.863359979,0.494941113,535
0.451030403,0.521919012,0.484387457,0.325455461,0.537084281,0.86833265,0.514873448,536
0.440387666,0.524612367,0.4858042,0.33242401,0.545522869,0.874090174,0.502601258,537
0.499236107,0.535532117,0.506248415,0.332795983,0.542479575,0.820968305,0.49064824,538
0.515089929,0.543160319,0.498078644,0.35395755,0.543385267,0.835006633,0.492020682,539
0.514387369,0.537829936,0.492655218,0.376148956,0.537775934,0.834415064,0.506574958,540
0.466321588,0.5361408,0.48653549,0.367348626,0.541226149,0.875862687,0.497031694,541
0.470646441,0.538646698,0.497718871,0.340005645,0.543525815,0.874392237,0.497685998,542
0.505509734,0.542676568,0.494052112,0.341900485,0.543035448,0.855093202,0.508362325,543
0.521592915,0.534967124,0.494343817,0.36565639,0.537385404,0.857460143,0.500446842,544
0.497675896,0.536406755,0.496985137,0.370873614,0.535433054,0.869142298,0.498627557,545
0.462351948,0.541315556,0.494665742,0.353594125,0.536982536,0.854279139,0.501005394,546
0.474271744,0.541821063,0.49561429,0.351587453,0.533813059,0.860928121,0.492148351,547
0.471665382,0.537653446,0.491094649,0.364632797,0.536278725,0.88533051,0.48467971,548
0.464161932,0.539141417,0.488116324,0.355595933,0.535067856,0.895670688,0.470285021,549
0.453712136,0.537917554,0.482692719,0.341583261,0.534586728,0.898840667,0.446347068,550
0.446438253,0.530096531,0.467508197,0.343898498,0.538121104,0.891954414,0.457214899,551
0.413802773,0.518045545,0.4510566,0.327196113,0.54387027,0.854062567,0.456225464,552
0.450806618,0.517641664,0.45837611,0.288731872,0.541000426,0.844486125,0.452539019,553
0.468399376,0.499582857,0.448947787,0.291117307,0.547445595,0.876475766,0.460342791,554
0.503391802,0.497610956,0.453542888,0.297692274,0.538089097,0.86447451,0.390412052,555
0.475748628,0.504305005,0.454856932,0.290742669,0.532378137,0.838955434,0.398790335,556
0.317470014,0.463120401,0.401801169,0.303929201,0.555402756,0.844752452,0.374836424,557
0.442740738,0.502787232,0.426625729,0.223636927,0.533657551,0.848907471,0.398375411,558
0.354827613,0.411728203,0.370277792,0.223249746,0.563224792,0.847909332,0.374150203,559
0.551193595,0.42616114,0.403777421,0.216023963,0.536266804,0.827591358,0.364718649,560
0.4277623,0.423748493,0.375040948,0.203206522,0.546942651,0.815642978,0.396316747,561
0.46187982,0.424266845,0.37864393,0.20945134,0.524347544,0.791969492,0.415435192,562
0.369861603,0.426311344,0.384620368,0.195178056,0.524142802,0.797648123,0.402492739,563
0.340752751,0.426606655,0.399746001,0.196236788,0.528990328,0.822812763,0.389917334,564
0.311374933,0.443778992,0.405794561,0.200044371,0.532696187,0.829898788,0.383629632,565
0.358483702,0.466861516,0.401265562,0.201258274,0.525736868,0.808471034,0.377645144,566
0.375546753,0.45441258,0.383776605,0.213010422,0.524688542,0.779348349,0.386550062,567
0.360966623,0.441038221,0.37673381,0.212423437,0.517340064,0.786851879,0.370032875,568
0.287752986,0.436436206,0.38148874,0.192352474,0.518405914,0.775311746,0.386789442,569
0.275794417,0.443903834,0.371788561,0.179766913,0.520599842,0.786523879,0.375873735,570
0.278939754,0.423156202,0.382190168,0.186049021,0.526275158,0.796805509,0.36483036,571
0.259535402,0.416306794,0.37493214,0.192503435,0.540767312,0.867047927,0.387986339,572
0.348757565,0.448428899,0.382296234,0.161776809,0.530177236,0.865094035,0.399412722,573
0.389081419,0.414286017,0.378695548,0.186750438,0.535245299,0.854049163,0.416105455,574
0.434837729,0.425749809,0.389710397,0.206108001,0.519524097,0.853056483,0.425425298,575
0.32189551,0.435646981,0.406548083,0.197404017,0.521516144,0.863953433,0.436085666,576
0.343963146,0.462130398,0.417951077,0.208131164,0.516147912,0.775905258,0.433659953,577
0.335351378,0.466677576,0.425066322,0.225034536,0.518974423,0.77212829,0.440059366,578
0.348856956,0.476913989,0.426587999,0.245894081,0.517020881,0.793628461,0.447623759,579
0.322696835,0.481572002,0.43224293,0.245907472,0.519440413,0.780201542,0.453145447,580
0.343664259,0.488462687,0.437156796,0.251137359,0.52265203,0.770808464,0.452347515,581
0.338615179,0.484403193,0.442440569,0.265216277,0.532936573,0.730941489,0.452203888,582
0.39425379,0.502395809,0.450348198,0.262849547,0.529005289,0.702406811,0.446123648,583
0.388085127,0.495764077,0.446181893,0.274787849,0.53744036,0.718258945,0.43895822,584
0.436619997,0.500789225,0.445735812,0.285727431,0.532805324,0.761655806,0.446777952,585
0.403497398,0.496787518,0.43870616,0.274911269,0.535949171,0.812235708,0.449075995,586
0.427958518,0.493394107,0.442569733,0.274227473,0.533936381,0.839148833,0.456512719,587
0.422963977,0.492228121,0.442652822,0.271751928,0.535594642,0.843348183,0.45486898,588
0.432047248,0.492962688,0.450472772,0.275101086,0.533256173,0.856890686,0.459991702,589
0.424134433,0.498559624,0.449639916,0.281636257,0.533960164,0.885229851,0.450879321,590
0.431322217,0.502171695,0.454718709,0.283470051,0.530672729,0.877857539,0.449810092,591
0.414877325,0.502841413,0.446706533,0.290072313,0.533310235,0.892603028,0.45614567,592
0.394794047,0.495798171,0.447306275,0.29008249,0.537111461,0.874702367,0.437011267,593
0.425068349,0.507642269,0.452726543,0.272984458,0.535081446,0.88192226,0.392821806,594
0.407677293,0.492291182,0.437084496,0.281221239,0.544655085,0.873687105,0.402668284,595
0.423299253,0.490747035,0.414510071,0.274167665,0.540833592,0.852875224,0.425122084,596
0.420956224,0.47807762,0.410283178,0.237235939,0.537276566,0.827554548,0.438814593,597
0.436980039,0.444592625,0.410592765,0.239043795,0.543080151,0.847825766,0.423462385,598
0.42689091,0.438313037,0.430391371,0.239150117,0.54399395,0.849874078,0.423941145,599
0.43163535,0.481988966,0.4324826,0.228670739,0.539177239,0.831023185,0.44211803,600
0.43096754,0.46630007,0.425909162,0.252818427,0.54288584,0.83507896,0.439963614,601
0.465884566,0.46983248,0.434975743,0.266541972,0.537925303,0.848306751,0.436165459,602
0.425994515,0.481154919,0.436783373,0.248787633,0.53978765,0.827540496,0.420190865,603
0.411012381,0.467763782,0.437043011,0.267294079,0.545511484,0.851845836,0.415259647,604
0.417421073,0.479511499,0.430244625,0.261249626,0.547757864,0.844048109,0.433803581,605
0.441418797,0.477818757,0.425392002,0.238733265,0.54877162,0.833065884,0.461220516,606
0.480141938,0.441677928,0.427931488,0.25679221,0.552204311,0.856372246,0.467572053,607
0.505198896,0.452895671,0.44852972,0.259560486,0.549650848,0.826702863,0.453512496,608
0.480605483,0.468394339,0.460731685,0.266672584,0.554246068,0.785073862,0.417717277,609
0.524529994,0.501348197,0.461533725,0.285095186,0.547805369,0.800120265,0.440729629,610
0.477193147,0.483868778,0.432412446,0.303575949,0.552917182,0.785601688,0.443793687,611
0.518213749,0.491887897,0.444041669,0.279451597,0.539959013,0.791066562,0.433245029,612
0.477035671,0.480005264,0.432981968,0.266110428,0.546477139,0.789270671,0.420302576,613
0.491432101,0.477190375,0.437041759,0.27532359,0.535404384,0.770112737,0.404168396,614
0.423274249,0.484896541,0.425455987,0.268047393,0.533608258,0.739192877,0.404854617,615
0.401535273,0.484590262,0.410779595,0.248892392,0.530143738,0.688978371,0.396380582,616
0.36314556,0.457855493,0.403555185,0.241312531,0.536532164,0.606977702,0.357824519,617
0.387293875,0.465487629,0.401199102,0.220064657,0.531805575,0.674517567,0.403801347,618
0.218942285,0.382790893,0.367178947,0.220298971,0.559174657,0.641853697,0.402620408,619
0.423674136,0.424396545,0.411922246,0.179467539,0.550586402,0.698406951,0.356180779,620
0.422246218,0.358326495,0.395575255,0.181920092,0.568744719,0.700710261,0.377373847,621
0.565707028,0.371794969,0.385089546,0.214123125,0.557522357,0.68628417,0.327965912,622
0.512255073,0.36890164,0.386398733,0.209737206,0.555350482,0.642906912,0.281606077,623
0.497073352,0.388522267,0.346754253,0.196990476,0.552069783,0.638186111,0.269429638,624
0.395572394,0.333119333,0.31647712,0.167648413,0.550418615,0.654715004,0.291580224,625
0.352629542,0.283117443,0.291166693,0.144258492,0.552438796,0.615507787,0.352175162,626
0.36242339,0.257721424,0.297015578,0.104720809,0.553547621,0.617359809,0.337205962,627
0.42092967,0.188758731,0.326759726,0.112502819,0.557687998,0.625837995,0.348823849,628
0.461755365,0.274001777,0.3366853,0.129892672,0.552740812,0.653598612,0.363553669,629
0.418334007,0.308549166,0.358249694,0.143647913,0.550103843,0.620407239,0.363824966,630
0.460206211,0.366324872,0.362360537,0.161457525,0.543616951,0.604513606,0.386853276,631
0.417399406,0.366342574,0.364165485,0.166818793,0.543974936,0.598146103,0.391896205,632
0.394575089,0.359436244,0.383289874,0.186865669,0.545062184,0.612806796,0.392789889,633
0.399351984,0.421171725,0.394548833,0.173062971,0.54291147,0.643366751,0.388257636,634
0.377813399,0.386817366,0.395054519,0.193892977,0.553982317,0.661998568,0.403897099,635
0.49982819,0.451811343,0.399734199,0.199533588,0.53358984,0.617192223,0.378554786,636
0.424513787,0.418471426,0.395198166,0.213591291,0.541031957,0.624431893,0.374836424,637
0.43986842,0.442781866,0.386787117,0.225711419,0.526212454,0.570820724,0.378905876,638
0.321485728,0.442972034,0.382402569,0.191994196,0.525409639,0.564508739,0.384491398,639
0.345439464,0.438083977,0.375558168,0.195198627,0.525076151,0.532563723,0.4242284,640
0.327308804,0.427625656,0.380357116,0.18807913,0.52545321,0.574142529,0.414014873,641
0.302584589,0.413906336,0.408073545,0.19850147,0.53568542,0.547015915,0.397178513,642
0.357208252,0.461914122,0.415109247,0.193652821,0.535585403,0.551067511,0.406530274,643
0.364242017,0.450874716,0.407203436,0.213724609,0.5409531,0.577230989,0.4092592,644
0.449989438,0.463573664,0.408953398,0.234044665,0.527436137,0.575591075,0.425616801,645
0.38924095,0.455175966,0.402156204,0.223083534,0.531018853,0.582488531,0.403083208,646
0.38315019,0.448896676,0.417896658,0.230446768,0.52823931,0.643293386,0.400737289,647
0.310932606,0.45914796,0.406352252,0.22701129,0.539320946,0.658895401,0.422919792,648
0.363218397,0.46834451,0.412330776,0.210807715,0.5363276,0.670353811,0.419504644,649
0.418856919,0.455250651,0.414074212,0.223451196,0.540098786,0.671595077,0.418387539,650
0.448382229,0.454645902,0.415577859,0.237119788,0.53558594,0.693815275,0.424739076,651
0.401825845,0.459789306,0.420453519,0.237332519,0.532742679,0.681124088,0.437697488,652
0.397219747,0.473557144,0.422525167,0.236040764,0.530499876,0.661623085,0.436899556,653
0.389723301,0.467886895,0.428699374,0.241613852,0.534709692,0.650655667,0.448948326,654
0.412799925,0.479487985,0.433750331,0.249145675,0.5313223,0.662344517,0.45614567,655
0.390502304,0.4779419,0.441904366,0.257820289,0.535344481,0.682618002,0.430244805,656
0.408443123,0.488195628,0.448784888,0.269092461,0.53837353,0.676692216,0.417844946,657
0.403841257,0.496991783,0.437883258,0.264981005,0.541689754,0.660111475,0.396252912,658
0.439023346,0.493352562,0.428581178,0.265273529,0.537021756,0.671424882,0.402381028,659
0.389616609,0.459012032,0.401373088,0.267356462,0.547699153,0.704667639,0.407886758,660
0.431086332,0.466035068,0.411900222,0.224311411,0.53931123,0.71998009,0.419376975,661
0.412590057,0.440408736,0.404028147,0.216579382,0.548424125,0.719676322,0.395726277,662
0.47487849,0.437347591,0.417034626,0.232072113,0.540750325,0.694147305,0.420334493,663
0.439828604,0.464954615,0.404914349,0.223000848,0.535069168,0.713965943,0.406019597,664
0.419723153,0.446386337,0.415340155,0.23439621,0.531647563,0.707004446,0.395518815,665
0.402780861,0.466460913,0.404251814,0.232709303,0.529045165,0.702464172,0.377533433,666
0.317525774,0.447552949,0.401298285,0.220434754,0.536196887,0.712421104,0.348361048,667
0.32957074,0.448496521,0.387814701,0.216681551,0.541673779,0.719178582,0.348361048,668
0.37583968,0.455645084,0.369129092,0.180335321,0.536547124,0.720181392,0.376033322,669
0.396077901,0.400929064,0.3521474,0.188818693,0.536951602,0.713224947,0.358127733,670
0.403522491,0.391849577,0.366987348,0.184739064,0.527552485,0.717821962,0.380102774,671
0.305186152,0.409769595,0.360926747,0.161172438,0.532060921,0.695683433,0.382592321,672
0.346644193,0.414101779,0.380921155,0.16584744,0.522565961,0.700334459,0.402061856,673
0.351657271,0.426727146,0.374482244,0.181940982,0.523075044,0.705890148,0.402173566,674
0.32513395,0.421334416,0.394027144,0.189810817,0.520662606,0.666287638,0.390938687,675
0.306544244,0.446618706,0.39762345,0.194710055,0.522310376,0.665346998,0.403466216,676
0.299370199,0.452558547,0.394339502,0.195270806,0.52472657,0.666325661,0.426015767,677
0.333827913,0.447446287,0.399236023,0.210602285,0.525808811,0.706305813,0.426877533,678
0.347871125,0.45116207,0.41358003,0.212353239,0.528876424,0.684360889,0.447464173,679
0.341218531,0.455987126,0.421166599,0.219776251,0.536249995,0.703696726,0.467986978,680
0.38824603,0.468017727,0.441637516,0.235058385,0.536138833,0.689918404,0.475136446,681
0.416108847,0.480018139,0.454161108,0.256864223,0.542682648,0.690049475,0.474689605,682
0.458095044,0.494724214,0.467949927,0.278677534,0.542766035,0.677760759,0.462034407,683
0.480339199,0.511769116,0.472654998,0.299147925,0.539724231,0.682600414,0.44538955,684
0.43262282,0.497215927,0.460469782,0.326802076,0.55049783,0.699249825,0.444894833,685
0.495252162,0.53133142,0.459546626,0.289840688,0.536517978,0.693892617,0.441814816,686
0.478118479,0.505386114,0.441087723,0.289052335,0.539729595,0.707759281,0.459608694,687
0.509680629,0.493617773,0.436794877,0.311150054,0.522753656,0.704733952,0.460454502,688
0.396063089,0.488103479,0.446341038,0.280464054,0.521477878,0.699354126,0.460630047,689
0.358753502,0.498490661,0.449237287,0.271922777,0.526520312,0.658069882,0.439644442,690
0.368747622,0.502304733,0.455098987,0.273671189,0.529340327,0.660242449,0.388481057,691
0.386432707,0.506794989,0.440718412,0.286316342,0.533069909,0.652584549,0.355398806,692
0.350994706,0.495463312,0.405107468,0.274367767,0.538953662,0.619002435,0.336743162,693
0.360126555,0.478259981,0.377403498,0.232534942,0.536791265,0.622013706,0.354026364,694
0.386777312,0.447416246,0.348433167,0.192598892,0.533391833,0.610885941,0.338610322,695
0.383627981,0.387094915,0.348378241,0.18166325,0.531108439,0.587173805,0.349430277,696
0.349863917,0.402472615,0.342217326,0.160673615,0.520859122,0.555197797,0.371788325,697
0.177069128,0.342361867,0.347221613,0.159151208,0.543650746,0.605308055,0.363745173,698
0.371879876,0.42812863,0.375376403,0.136734139,0.523915112,0.598249901,0.349350484,699
0.326896429,0.387733847,0.356952965,0.155413602,0.542225659,0.628441526,0.343126616,700
0.430262297,0.40529269,0.36093694,0.191779067,0.514138818,0.597357445,0.365101657,701
0.249356478,0.412052631,0.345028132,0.164077794,0.521792054,0.542843049,0.364862277,702
0.277531624,0.405326098,0.358947426,0.156327215,0.52128619,0.556232707,0.376815295,703
0.294202417,0.412542999,0.360345036,0.153886839,0.522335827,0.590849519,0.356148862,704
0.312949598,0.410943449,0.373052776,0.166456229,0.516913354,0.594231118,0.341897801,705
0.286917418,0.427286923,0.358420402,0.174121393,0.515132308,0.572717314,0.354249785,706
0.215347201,0.41360563,0.347535372,0.168429104,0.521413624,0.594896927,0.3519677,707
0.271264613,0.421438634,0.35395956,0.154195716,0.515979469,0.586957472,0.319667422,708
0.276730001,0.408553213,0.346278459,0.150605515,0.521111786,0.572168209,0.317943889,709
0.267869174,0.396372348,0.328957677,0.159960044,0.51763308,0.534703592,0.345695956,710
0.197632954,0.38850075,0.324313968,0.144832899,0.519476771,0.5421724,0.342153139,711
0.225878134,0.382990569,0.337271482,0.128963417,0.526382029,0.516922668,0.336551658,712
0.294630587,0.382293284,0.339390159,0.131250285,0.526874602,0.496671134,0.328508506,713
0.320967793,0.387267828,0.341642678,0.145286006,0.514800966,0.472630126,0.31735342,714
0.175551608,0.350903392,0.32681936,0.161472947,0.536331236,0.474474699,0.294915579,715
0.268070638,0.413164765,0.336256951,0.121576068,0.520971715,0.469278392,0.317513006,716
0.244356781,0.363091737,0.300032496,0.123375459,0.537346005,0.474481026,0.320257892,717
0.367981791,0.337252706,0.316566378,0.141792975,0.517283797,0.476542084,0.346110881,718
0.252509743,0.364234626,0.314805835,0.118849006,0.518596232,0.4515496,0.330758674,719
0.227694601,0.348554879,0.337949812,0.124873076,0.522912562,0.413188707,0.328173375,720
0.25782761,0.388195902,0.334645808,0.131715048,0.519854248,0.404031567,0.334381284,721
0.218331873,0.376654744,0.333753586,0.134626318,0.525696754,0.418003369,0.33980722,722
0.287107825,0.388026834,0.335090339,0.140556334,0.520662606,0.369906425,0.337253838,723
0.281729102,0.388741374,0.337033868,0.133755321,0.518480659,0.402670684,0.34599917,724
0.286109239,0.386400223,0.335472703,0.144737031,0.512909234,0.443865748,0.339695509,725
0.243301898,0.391520262,0.342194855,0.145686449,0.509096444,0.414006481,0.351074016,726
0.1594982,0.386503786,0.336370081,0.145433752,0.525450289,0.439250934,0.339727427,727
0.215448543,0.393693507,0.354065418,0.13812963,0.528555155,0.443519073,0.341610545,728
0.29464063,0.406567633,0.34499079,0.138189498,0.530120075,0.418698112,0.348823849,729
0.344692677,0.385509819,0.34382385,0.155250056,0.523753524,0.459345475,0.351855989,730
0.326596379,0.394296736,0.345522881,0.159080367,0.514735997,0.449482426,0.352957135,731
0.256703049,0.401603997,0.348399103,0.14708619,0.514116526,0.408345702,0.369633909,732
0.246829003,0.404037267,0.350486875,0.151004,0.514214694,0.376638337,0.375921611,733
0.26272577,0.410944998,0.362776399,0.154246379,0.510827839,0.404814138,0.382448693,734
0.258080512,0.417413324,0.367168158,0.161276783,0.513885915,0.405871325,0.386789442,735
0.263061643,0.423140943,0.377269149,0.171040529,0.513027787,0.343083447,0.390045003,736
0.272661626,0.437539876,0.381927609,0.17588863,0.511133671,0.317241585,0.39429,737
0.268826246,0.437700123,0.383316934,0.185199979,0.514890969,0.354306184,0.407838882,738
0.30131948,0.447074741,0.389380991,0.189414628,0.507407427,0.28242211,0.395534774,739
0.268152565,0.442539781,0.395214349,0.198527844,0.514917314,0.320539414,0.394816635,740
0.286588818,0.457268864,0.393634379,0.200509977,0.511974692,0.356885463,0.380102774,741
0.27991733,0.456352115,0.392991066,0.196917318,0.51029259,0.346868067,0.371596821,742
0.27329427,0.450414509,0.375903249,0.208838192,0.516590536,0.386834883,0.362261019,743
0.274798453,0.449733377,0.374543101,0.189103717,0.509297609,0.370264723,0.357968147,744
0.259064049,0.441505522,0.359765232,0.178104531,0.511905968,0.356496876,0.356069069,745
0.282752544,0.430080563,0.355347067,0.174686621,0.503263533,0.389880452,0.336344196,746
0.239534929,0.422245055,0.349656671,0.166805587,0.500348389,0.365839841,0.32448693,747
0.186536208,0.418670505,0.334830761,0.156780156,0.501533568,0.32702935,0.322922984,748
0.175767004,0.41385597,0.325701892,0.142650005,0.496460825,0.364506874,0.307969742,749
0.144061118,0.392901987,0.314716578,0.139782349,0.508003175,0.381607406,0.295186876,750
0.132518545,0.380953014,0.308445036,0.129911688,0.515899777,0.399672821,0.315326673,751
0.18559514,0.389745384,0.304432273,0.110032228,0.508108079,0.42314412,0.304235422,752
0.220344439,0.356707335,0.304872334,0.118102644,0.511651218,0.446977787,0.300963902,753
0.233880594,0.364748687,0.300953329,0.120340511,0.50106734,0.445643492,0.303150235,754
0.141695231,0.366522402,0.30176264,0.109482569,0.497333705,0.454299486,0.312869043,755
0.129659414,0.365203321,0.296896845,0.112869642,0.502084374,0.449440566,0.331428936,756
0.106629886,0.353074849,0.305382431,0.111261975,0.513147414,0.442816786,0.357154256,757
0.160684705,0.363094389,0.325642377,0.1099951,0.517322898,0.447157673,0.336360154,758
0.22143428,0.367016375,0.346431822,0.121249661,0.524490118,0.447679237,0.335019629,759
0.266560316,0.385740966,0.341204196,0.139444612,0.525543749,0.502266177,0.339791261,760
0.282346457,0.397851497,0.344185323,0.142946849,0.516215146,0.505007949,0.323704957,761
0.242598161,0.380311698,0.334204227,0.152816803,0.528066874,0.480688838,0.325061441,762
0.215074092,0.368471354,0.331388205,0.143959282,0.536276639,0.479390304,0.30589512,763
0.323165148,0.409150004,0.33893159,0.11968907,0.519014955,0.481829317,0.305751492,764
0.305261523,0.358808398,0.303214431,0.142368717,0.528996944,0.493899558,0.290191823,765
0.322537571,0.365646005,0.312335044,0.140325035,0.500075817,0.487653721,0.259678912,766
0.130705684,0.368220538,0.289182603,0.11386032,0.513496161,0.483969117,0.247709936,767
0.13978903,0.35240531,0.271652877,0.105625865,0.513264298,0.473374779,0.237687913,768
0.149180979,0.337461561,0.257256716,0.093638175,0.509150505,0.451516583,0.237129361,769
0.135415867,0.304987997,0.239873916,0.085732695,0.512632132,0.456777639,0.21445214,770
0.124613903,0.282498091,0.240377694,0.077737408,0.510116458,0.465874678,0.22509655,771
0.10247881,0.290330678,0.224357396,0.068375912,0.506502092,0.44026136,0.24028917,772
0.095640831,0.264172107,0.22666651,0.066567875,0.504100621,0.423008112,0.277728129,773
0.112990648,0.269176543,0.233265668,0.066076203,0.499587953,0.423237141,0.259104401,774
0.062537275,0.257627934,0.262433529,0.068278841,0.509362459,0.38737491,0.24812486,775
0.121511504,0.316932559,0.263609499,0.071075517,0.500901043,0.393041278,0.236283553,776
0.105097815,0.316595972,0.255498171,0.077418772,0.496310532,0.373262692,0.232549232,777
0.117379926,0.31655252,0.236732244,0.085326186,0.487189978,0.398075454,0.223357059,778
0.038267225,0.312918127,0.23091653,0.071506226,0.480948508,0.406049484,0.208228272,779
-0.004463044,0.29978174,0.219295502,0.067172561,0.485163152,0.413914764,0.222223995,780
-0.010630527,0.294409037,0.210062385,0.062555384,0.479970813,0.459098814,0.227602055,781
-0.059460543,0.267403901,0.214372337,0.06081798,0.492590636,0.461084987,0.255465833,782
-0.019413704,0.272800684,0.223057002,0.057471934,0.497983396,0.460552038,0.264115413,783
0.026137516,0.267405063,0.247305065,0.058684731,0.503706992,0.465916955,0.259694871,784
0.105431922,0.284874827,0.257059544,0.069369627,0.504242301,0.480647221,0.269397721,785
0.11228703,0.307459474,0.262028903,0.074679866,0.49719277,0.508897444,0.25363059,786
0.083216906,0.306281775,0.264974594,0.083837228,0.502105474,0.514773559,0.275158788,787
0.046805292,0.310218364,0.256018728,0.083791533,0.512594461,0.521201587,0.293415467,788
0.115241736,0.31928581,0.276629984,0.076649517,0.507604003,0.505345485,0.305496154,789
0.170576409,0.308984995,0.280475646,0.08756502,0.516126752,0.531681475,0.313555265,790
0.194745243,0.313901454,0.299634576,0.098841046,0.512490273,0.536810207,0.312821168,791
0.158002213,0.342641979,0.31170845,0.103054523,0.515936434,0.526657096,0.319204622,792
0.183712438,0.359378934,0.31429106,0.108308884,0.519555211,0.487254644,0.325987042,793
0.236652821,0.361765206,0.318895131,0.117919584,0.5177598,0.491003759,0.321135616,794
0.253584534,0.367940277,0.322496325,0.124795917,0.514339507,0.446296347,0.305224857,795
0.230916739,0.375455499,0.320886552,0.126341735,0.511628747,0.432917529,0.31700233,796
0.208006978,0.381994307,0.309983492,0.124873758,0.506847501,0.438693754,0.320130222,797
0.167404264,0.363463759,0.311891794,0.125930063,0.513404667,0.439615582,0.325971083,798
0.204740241,0.380283713,0.317199886,0.116377487,0.509461522,0.432417019,0.332593917,799
0.203712583,0.371781945,0.321460366,0.117795753,0.511709094,0.452170593,0.34740353,800
0.224247709,0.371095717,0.326938361,0.133624335,0.510476112,0.430833176,0.341802049,801
0.153377965,0.368860424,0.340356231,0.13456477,0.524049163,0.433575949,0.352717756,802
0.211568251,0.397411138,0.346904129,0.128522289,0.527700961,0.442227006,0.356212697,803
0.301803559,0.396350235,0.353691161,0.13800131,0.526267231,0.434695039,0.342328684,804
0.334812433,0.38494581,0.351029336,0.16541842,0.526547313,0.438458165,0.332641792,805
0.303242594,0.40845266,0.349991679,0.155695085,0.51666224,0.450543442,0.346541764,806
0.257662237,0.408695519,0.337396443,0.147931699,0.515811384,0.432423823,0.356212697,807
0.259410381,0.388821036,0.33989042,0.154776744,0.517991781,0.450992254,0.378012192,808
0.255554497,0.399895132,0.350573421,0.144540121,0.516396224,0.438701362,0.379001628,809
0.225965619,0.38888818,0.368113875,0.15157022,0.528794885,0.474982986,0.388082091,810
0.314538151,0.424256086,0.379243761,0.160502179,0.523232996,0.505184079,0.392630302,811
0.317188919,0.424632698,0.384921104,0.173831443,0.525708795,0.495352077,0.377724937,812
0.357167959,0.434681028,0.388125628,0.197271166,0.520026088,0.502175418,0.377549392,813
0.310833931,0.445374131,0.380518228,0.190214699,0.516874313,0.502945005,0.384108391,814
0.289290607,0.438824475,0.376884788,0.191986391,0.516836584,0.489460485,0.391241901,815
0.21672757,0.411577672,0.375641167,0.199007833,0.53754878,0.471511976,0.387204366,816
