GRU 1,LSTM 1,LSTM 2,MLP 1,RNN 1,ARIMA,Naive,real,t
0.537244618,0.571409702,0.50225389,0.541722772,0.386859328,0.379589687,0,0.512208356,1
0.533943653,0.572974861,0.505699635,0.542279543,0.387863636,0.347679663,0.515112828,0.471721298,2
0.539491296,0.57289356,0.513258219,0.546618783,0.389133871,0.325848169,0.524767802,0.470125435,3
0.546058834,0.572097182,0.514155209,0.546602993,0.391003519,0.311981677,0.512208356,0.479636781,4
0.539451182,0.571756423,0.491928846,0.550723982,0.402992219,0.315949455,0.471721298,0.492770738,5
0.540100217,0.569565475,0.487113267,0.541228948,0.388298333,0.336663548,0.470125435,0.476173758,6
0.531660378,0.569952548,0.476509631,0.535549091,0.3805902,0.310027083,0.479636781,0.484440331,7
0.537007093,0.566573918,0.479788125,0.532410034,0.372494936,0.303673705,0.492770738,0.502393795,8
0.531443655,0.565216601,0.47592178,0.535783134,0.379353881,0.295054583,0.476173758,0.529427723,9
0.525722086,0.565352321,0.478743672,0.532909702,0.375767827,0.293799593,0.484440331,0.525071016,10
0.523810029,0.568552732,0.487823069,0.536920616,0.376527667,0.307701565,0.502393795,0.54256168,11
0.545156419,0.56607163,0.50534451,0.541167258,0.369088233,0.350109674,0.529427723,0.547445023,12
0.556946635,0.568668246,0.511365294,0.538871317,0.379500508,0.349868804,0.525071016,0.53999234,13
0.547522485,0.579989851,0.518123448,0.552848104,0.407280147,0.331137619,0.54256168,0.538364559,14
0.565299451,0.580182254,0.550507665,0.558108274,0.402038932,0.328584823,0.547445023,0.54993457,15
0.560248137,0.578920782,0.535174727,0.556469184,0.406286597,0.317530856,0.53999234,0.546407711,16
0.560449243,0.583649993,0.541460156,0.557800263,0.413373172,0.294357203,0.538364559,0.547173726,17
0.555479467,0.585286438,0.547047853,0.559688154,0.413679987,0.297952658,0.54993457,0.548258913,18
0.556469381,0.582896709,0.549432516,0.558100988,0.409618437,0.314069219,0.546407711,0.554387029,19
0.547685385,0.582915902,0.543592513,0.558736407,0.412377119,0.331195791,0.547173726,0.554833871,20
0.550362289,0.58316648,0.550616622,0.560221567,0.411079943,0.373423744,0.548258913,0.54958348,21
0.548370183,0.5829705,0.54998517,0.557275297,0.408868074,0.386228515,0.554387029,0.531135297,22
0.544796228,0.584746063,0.550925612,0.559776017,0.41398114,0.382155616,0.554833871,0.526826466,23
0.546423435,0.583305597,0.552424133,0.562414649,0.413814515,0.371659012,0.54958348,0.538077304,24
0.548753381,0.580665052,0.54343164,0.562388551,0.411718041,0.398558272,0.531135297,0.552184737,25
0.554137409,0.579146862,0.535822809,0.55952832,0.407185793,0.390426676,0.526826466,0.550828253,26
0.560029805,0.581008971,0.537425041,0.552802903,0.4027116,0.390145701,0.538077304,0.549312183,27
0.558343709,0.584134519,0.539020598,0.556595361,0.409919292,0.413118108,0.552184737,0.557115955,28
0.566115439,0.582139909,0.550455272,0.561470463,0.409434825,0.404167764,0.550828253,0.548562127,29
0.564467669,0.582059145,0.548355699,0.558733366,0.409804821,0.41260081,0.549312183,0.547732278,30
0.561340809,0.586617112,0.552564979,0.562689861,0.417354584,0.420427192,0.557115955,0.534678114,31
0.566003561,0.585360408,0.557280421,0.56372987,0.416331947,0.416047722,0.548562127,0.516772526,32
0.558524489,0.584796607,0.54993248,0.560738226,0.415865391,0.41212719,0.547732278,0.513389295,33
0.555704057,0.585017145,0.546722233,0.563453574,0.418185651,0.398074313,0.534678114,0.527448853,34
0.558764577,0.579598844,0.535361111,0.562482446,0.411215663,0.402344588,0.516772526,0.526906259,35
0.558876038,0.577862024,0.5252738,0.550728642,0.401166916,0.419588733,0.513389295,0.527097763,36
0.549265385,0.582057536,0.518107414,0.551407421,0.406930774,0.411320975,0.527448853,0.521703744,37
0.554943621,0.578868687,0.529556751,0.551126696,0.401100844,0.419356932,0.526906259,0.519884459,38
0.540873766,0.577556074,0.521700978,0.54984883,0.401577353,0.407096195,0.527097763,0.526379624,39
0.538878202,0.577929795,0.525484443,0.552729482,0.402978867,0.4002338,0.521703744,0.536784654,40
0.537931085,0.575773418,0.522572517,0.550418057,0.397881627,0.400234365,0.519884459,0.537566627,41
0.539827704,0.575971067,0.522073627,0.550628891,0.396318614,0.380281794,0.526379624,0.54361495,42
0.546671331,0.576806843,0.528707504,0.547940719,0.394217432,0.369117487,0.536784654,0.543024481,43
0.547641575,0.578818679,0.528522551,0.556354505,0.404453695,0.386141528,0.537566627,0.541907376,44
0.558715999,0.578142166,0.542246878,0.551900136,0.398292154,0.408699413,0.54361495,0.510676327,45
0.542460144,0.583771765,0.534074783,0.554788606,0.412742615,0.39517534,0.543024481,0.507388848,46
0.545983553,0.582797706,0.546199739,0.559978658,0.413059622,0.395721014,0.541907376,0.528948964,47
0.544619799,0.577361703,0.530616283,0.560195378,0.408186883,0.376395375,0.510676327,0.524576298,48
0.54440856,0.574638128,0.518574119,0.55042434,0.398330957,0.372427222,0.507388848,0.546806677,49
0.543345153,0.579442143,0.520005882,0.548092558,0.397956669,0.385339332,0.528948964,0.542322301,50
0.549161077,0.577801108,0.522308409,0.548421878,0.39858076,0.371845995,0.524576298,0.536976158,51
0.540012538,0.578136623,0.528530002,0.549458283,0.398880124,0.361155258,0.546806677,0.548370623,52
0.541532815,0.580074966,0.539634049,0.553347073,0.402937502,0.370076215,0.542322301,0.560499186,53
0.535323143,0.578858376,0.533404708,0.55597659,0.407014936,0.362303582,0.536976158,0.575691807,54
0.540650189,0.580103517,0.544660926,0.556030594,0.402998388,0.340230706,0.548370623,0.594347451,55
0.549094498,0.580797493,0.547154903,0.559294402,0.403685212,0.34788739,0.560499186,0.584022214,56
0.567857206,0.581147671,0.559237421,0.562719693,0.404144585,0.337711156,0.575691807,0.584963774,57
0.57632935,0.587295234,0.574283481,0.561674444,0.413031042,0.338763813,0.594347451,0.584229677,58
0.571344912,0.594829977,0.57919395,0.572809152,0.434598565,0.349083296,0.584022214,0.593533561,59
0.568941057,0.592858553,0.592855752,0.575527263,0.432657421,0.355308846,0.584963774,0.590996138,60
0.560803473,0.592689514,0.588445842,0.573993015,0.42886588,0.341180245,0.584229677,0.591347228,61
0.571797192,0.589936018,0.584935665,0.5820806,0.425964653,0.296620655,0.593533561,0.59752322,62
0.588706434,0.58914727,0.596633077,0.565201339,0.416293561,0.280363534,0.590996138,0.583495579,63
0.55201292,0.601551831,0.57312268,0.57096636,0.446289688,0.25614611,0.591347228,0.573377805,64
0.556509733,0.595534861,0.612163365,0.581704142,0.441557914,0.267143605,0.59752322,0.596039067,65
0.541702509,0.588813245,0.589163601,0.57284732,0.424242616,0.300932761,0.583495579,0.588921515,66
0.525198758,0.589212239,0.572749197,0.568193341,0.425905883,0.301118578,0.573377805,0.581628419,67
0.532870591,0.591134191,0.584508955,0.571984344,0.424035847,0.288129258,0.596039067,0.578261147,68
0.550153375,0.587943137,0.585011244,0.569990063,0.417671174,0.313341384,0.588921515,0.580112349,69
0.543627262,0.589165747,0.574038327,0.568710999,0.42561996,0.306950396,0.581628419,0.57858032,70
0.545988441,0.59224999,0.583727419,0.57368151,0.430362105,0.287828698,0.578261147,0.577271712,71
0.549370587,0.589488208,0.58257997,0.57035894,0.422851354,0.329230416,0.580112349,0.572531997,72
0.548917651,0.589214087,0.575761974,0.56973811,0.422842264,0.30221021,0.57858032,0.57004245,73
0.553402305,0.589229226,0.577748775,0.568773957,0.422853529,0.331102532,0.577271712,0.567393317,74
0.549542964,0.59017086,0.574739397,0.56897746,0.425539553,0.32677076,0.572531997,0.577096167,75
0.549419761,0.589148641,0.574212849,0.569614427,0.424202532,0.324947738,0.57004245,0.594459162,76
0.551264524,0.587432861,0.570926905,0.568283395,0.420141309,0.330888951,0.567393317,0.590868469,77
0.552617371,0.587824702,0.571653306,0.564848101,0.417639762,0.299337129,0.577096167,0.583288117,78
0.554967105,0.590565503,0.579610229,0.568382871,0.421247751,0.304519979,0.594459162,0.57728767,79
0.55955404,0.590598762,0.586562872,0.56864161,0.423579067,0.293592834,0.590868469,0.568478504,80
0.547322214,0.592399478,0.58092773,0.573508576,0.432197303,0.297360269,0.583288117,0.57542051,81
0.551069617,0.590574324,0.58720088,0.57366169,0.427669019,0.32065831,0.57728767,0.544189461,82
0.548053682,0.588902235,0.573937058,0.571581826,0.424545646,0.316017886,0.568478504,0.563004692,83
0.554804265,0.588295519,0.57550776,0.567670636,0.419703215,0.320899077,0.57542051,0.572978839,84
0.554548681,0.587932765,0.561375022,0.56925625,0.425627261,0.338184897,0.544189461,0.561999298,85
0.553478003,0.586350977,0.563106716,0.56389707,0.417539924,0.356477214,0.563004692,0.544444799,86
0.557194889,0.588370502,0.569029272,0.565526318,0.415798604,0.370101615,0.572978839,0.550317577,87
0.563236356,0.584947348,0.562468886,0.564389856,0.416440159,0.381244723,0.561999298,0.575564138,88
0.563974321,0.585245609,0.554297209,0.57334095,0.42381233,0.384399156,0.544444799,0.600284064,89
0.575869441,0.583770692,0.563634813,0.559790591,0.409068257,0.398013895,0.550317577,0.615205388,90
0.56177634,0.591335773,0.55414927,0.562260382,0.422356844,0.393074951,0.575564138,0.615157512,91
0.576740742,0.590184927,0.588158131,0.570059766,0.418873668,0.412032984,0.600284064,0.615955443,92
0.579685688,0.589645207,0.591625333,0.572895988,0.419711292,0.415781338,0.615205388,0.626583895,93
0.584213793,0.595261574,0.604277909,0.576524848,0.432536989,0.414000851,0.615157512,0.635807986,94
0.576749682,0.601209641,0.613557637,0.581575259,0.444605291,0.409217738,0.615955443,0.630924643,95
0.572106659,0.601164937,0.626192927,0.586392783,0.444178969,0.417329468,0.626583895,0.638425202,96
0.573933125,0.598830104,0.626888573,0.586317678,0.437925875,0.432854187,0.635807986,0.648862149,97
0.575494885,0.59952116,0.623908341,0.585000917,0.44071123,0.442298819,0.630924643,0.646244933,98
0.571288884,0.603231192,0.631028473,0.586531611,0.446985006,0.438934631,0.638425202,0.658660751,99
0.568302035,0.604412377,0.642219603,0.5885473,0.447863042,0.44650174,0.648862149,0.634307874,100
0.566786826,0.602671802,0.637120545,0.593669269,0.447913021,0.450951302,0.646244933,0.627158405,101
0.57300967,0.601604342,0.64297086,0.589911656,0.442577451,0.442287067,0.658660751,0.562892981,102
0.571068048,0.604590416,0.635292828,0.594669854,0.452429801,0.457400097,0.634307874,0.525757237,103
0.576417983,0.602311611,0.637257159,0.594217909,0.450260848,0.428351761,0.627158405,0.536289936,104
0.575603306,0.599308372,0.609816968,0.594664236,0.451160312,0.406095407,0.562892981,0.483482813,105
0.574926615,0.591258705,0.576334,0.58208773,0.439405113,0.400776301,0.525757237,0.441559478,106
0.57546711,0.590361297,0.560709476,0.570921098,0.424252063,0.428820009,0.536289936,0.444479908,107
0.586163044,0.581264675,0.524068952,0.566101996,0.4173401,0.435281484,0.483482813,0.455666911,108
0.589223921,0.568937302,0.478541672,0.562369187,0.408102542,0.429188123,0.441559478,0.471370208,109
0.598460615,0.567273438,0.463785768,0.539097481,0.38029483,0.387180995,0.444479908,0.435144106,110
0.593062162,0.57126081,0.429600984,0.536526555,0.391124278,0.392018935,0.455666911,0.386087262,111
0.59614414,0.570056677,0.452570856,0.535805817,0.380279005,0.395982268,0.471370208,0.279659124,112
0.58784461,0.564284146,0.443979859,0.538686423,0.386298507,0.372110285,0.435144106,0.240209377,113
0.582023442,0.558199167,0.422699332,0.535463573,0.383476675,0.397660216,0.386087262,0.23620376,114
0.578318834,0.541683912,0.368041962,0.538269942,0.377055705,0.396837708,0.279659124,0.069356229,115
0.587387919,0.515182257,0.30218178,0.495295002,0.298923373,0.405143423,0.240209377,0.107449491,116
0.577989876,0.510346591,0.191073492,0.468985916,0.282338262,0.414033604,0.23620376,0.024081581,117
0.577644408,0.489078045,0.129326731,0.483094313,0.295760661,0.430904976,0.069356229,0.08652772,118
0.573822379,0.44717586,0.106489435,0.410213048,0.080864809,0.425659583,0.107449491,0.050828253,119
0.559590459,0.405855536,0.082010761,0.414859781,0.146886736,0.454942531,0.024081581,0.070138202,120
0.564264119,0.431200862,0.082223795,0.372181114,-0.012830848,0.464134231,0.08652772,0.077718554,121
0.538149238,0.409824938,0.082287244,0.381635204,0.03968231,0.472387934,0.050828253,0.043710702,122
0.529619157,0.414547294,0.086267874,0.368315997,-0.028125878,0.474782324,0.070138202,0.121445214,123
0.515857697,0.397457957,0.090112753,0.378228666,-0.030690273,0.484666536,0.077718554,0.157368102,124
0.527683973,0.387706369,0.088781275,0.361295435,-0.062112287,0.482672073,0.043710702,0.171858543,125
0.487735599,0.405207604,0.087878264,0.368414808,-0.019174423,0.495140571,0.121445214,0.131116147,126
0.515446484,0.431952626,0.110763453,0.3788302,-0.038468931,0.509199395,0.157368102,0.112284957,127
0.508917689,0.404339552,0.145408913,0.380703429,-0.007421558,0.511359991,0.171858543,0.132313045,128
0.493888915,0.436244011,0.137383759,0.403299888,0.098716684,0.501305626,0.131116147,0.099438256,129
0.473886162,0.444776058,0.135994241,0.403436271,0.089486204,0.512277128,0.112284957,0.098592448,130
0.462790996,0.435793102,0.144024432,0.39370232,0.029519726,0.523638157,0.132313045,0.099789346,131
0.46864748,0.417053491,0.1330484,0.387026548,0.016864303,0.527915052,0.099438256,0.141712681,132
0.454292506,0.414767325,0.119739413,0.382812434,0.012903752,0.520572081,0.098592448,0.166879448,133
0.454687685,0.421695739,0.116794199,0.38033406,-0.004996427,0.514538422,0.099789346,0.158868214,134
0.452691138,0.415061474,0.132316545,0.375611107,-0.034852527,0.541033446,0.141712681,0.177827072,135
0.472629547,0.41728738,0.159226641,0.383792206,-0.019808996,0.53972615,0.166879448,0.183891354,136
0.4760966,0.421401292,0.162977517,0.387735936,0.024663575,0.531684476,0.158868214,0.140946666,137
0.45783776,0.442012817,0.171209082,0.405069736,0.081236221,0.553400598,0.177827072,0.128802145,138
0.485610247,0.446383655,0.200007319,0.406947835,0.055859592,0.54462628,0.183891354,0.146739651,139
0.482474625,0.424472064,0.180900022,0.409486342,0.086719468,0.535780287,0.140946666,0.139669975,140
0.48336938,0.439189613,0.15279296,0.404322131,0.084726118,0.556516733,0.128802145,0.108295299,141
0.474303871,0.444073141,0.141877532,0.400706598,0.066750012,0.591278956,0.146739651,0.12184418,142
0.478875816,0.437577665,0.144626379,0.392796338,0.04255031,0.589771551,0.139669975,0.126105135,143
0.450672567,0.429406554,0.135918468,0.395152938,0.064809032,0.595588402,0.108295299,0.104943985,144
0.44207105,0.433478385,0.141172752,0.387682769,0.021483321,0.61332669,0.12184418,0.123759216,145
0.428751647,0.424543113,0.142609179,0.383302829,0.003666857,0.624274446,0.126105135,0.140451949,146
0.427960336,0.417758226,0.141888693,0.383710019,0.008663721,0.630389975,0.104943985,0.175449236,147
0.418428749,0.419272661,0.145368427,0.378127682,-0.0168678,0.644276413,0.123759216,0.154160416,148
0.426244378,0.418335021,0.156143576,0.384678929,-0.010534033,0.649303227,0.140451949,0.114423415,149
0.462885052,0.415045351,0.180952817,0.383476444,-0.034121484,0.645302595,0.175449236,0.126296639,150
0.480267942,0.409411669,0.178158998,0.398844866,0.036346737,0.615284815,0.154160416,0.114168076,151
0.491604686,0.424969733,0.151660919,0.399396897,0.068011984,0.633017811,0.114423415,0.123615588,152
0.463080525,0.440159559,0.124221802,0.396764881,0.073191293,0.613863804,0.126296639,0.131945996,153
0.45972991,0.442122251,0.123152494,0.391287568,0.047564063,0.60328868,0.114168076,0.11424787,154
0.43276307,0.426801175,0.136473089,0.383578932,0.01283267,0.625075847,0.123615588,0.128690434,155
0.423972756,0.426427424,0.148368925,0.381101625,-0.003986049,0.6084384,0.131945996,0.107736746,156
0.417245984,0.41699028,0.153496057,0.387557522,0.01286542,0.632316512,0.11424787,0.094044237,157
0.433245003,0.416448712,0.159655526,0.379410112,-0.026913064,0.61770511,0.128690434,0.082761482,158
0.428356737,0.409141809,0.14540875,0.387409497,0.012718604,0.625917692,0.107736746,0.131339568,159
0.455696374,0.411186427,0.139394388,0.382668774,-0.011156732,0.611547708,0.094044237,0.104177971,160
0.444034547,0.405275911,0.115537986,0.376220352,-0.014433835,0.620281097,0.082761482,0.116067154,161
0.442912519,0.418050885,0.116246089,0.373468181,-0.031338267,0.602796593,0.131339568,0.11646612,162
0.480772465,0.401424974,0.148194149,0.393365258,-0.014060382,0.606030174,0.104177971,0.118285404,163
0.517541289,0.376578808,0.146041781,0.37027276,-0.088214889,0.612179418,0.116067154,0.14370751,164
0.497361392,0.396418005,0.091802821,0.384988367,0.049506921,0.598012613,0.11646612,0.167182663,165
0.509376109,0.445310563,0.095289916,0.394769937,0.063555293,0.594145847,0.118285404,0.194408094,166
0.489068955,0.432911307,0.125757456,0.382499813,0.005917432,0.599670226,0.14370751,0.202323577,167
0.481567919,0.424749911,0.154860079,0.399495465,0.037992187,0.596855205,0.167182663,0.181960359,168
0.527200699,0.41693759,0.202125892,0.402782101,-0.005185113,0.611777245,0.194408094,0.201892694,169
0.550213933,0.398166507,0.181270644,0.403993301,0.053901367,0.584516799,0.202323577,0.231687466,170
0.569559634,0.422843069,0.179384679,0.454033621,0.172354519,0.575984179,0.181960359,0.266525167,171
0.602089763,0.444956124,0.1606251,0.401451419,0.049041748,0.582622925,0.201892694,0.25701382,172
0.55747664,0.459945202,0.089877598,0.442402564,0.261285216,0.594773969,0.231687466,0.305815327,173
0.577742636,0.499989867,0.202781677,0.44995268,0.187068418,0.595562599,0.266525167,0.309565606,174
0.569765866,0.451553196,0.240449354,0.447125672,0.17564936,0.599988331,0.25701382,0.286617089,175
0.586116374,0.47729674,0.257211924,0.45754963,0.197100431,0.615154633,0.305815327,0.272509655,176
0.601619422,0.490268886,0.261863202,0.46943604,0.237741396,0.622329849,0.309565606,0.210925282,177
0.604814231,0.504869282,0.234845757,0.474901681,0.283835918,0.618350351,0.286617089,0.213271201,178
0.591687381,0.526411355,0.215138376,0.478864649,0.306530148,0.603625438,0.272509655,0.207941017,179
0.574167967,0.516634583,0.210915923,0.481896889,0.298386425,0.581655173,0.210925282,0.245603396,180
0.562854826,0.49350211,0.208612025,0.451250964,0.213106453,0.572788486,0.213271201,0.242954263,181
0.54727453,0.484881252,0.174619764,0.441833292,0.203973338,0.548325373,0.207941017,0.22883087,182
0.548296869,0.484422177,0.200210646,0.438513505,0.171329081,0.551930657,0.245603396,0.232660943,183
0.552883983,0.475147367,0.223141596,0.436210364,0.160801426,0.565205008,0.242954263,0.221729278,184
0.544021189,0.474444777,0.211316407,0.44248646,0.199968398,0.555645177,0.22883087,0.236522933,185
0.553163469,0.477715045,0.238923103,0.461082847,0.19811365,0.543503439,0.232660943,0.197759408,186
0.574608922,0.464315802,0.213643044,0.423150809,0.130992427,0.529852885,0.221729278,0.209696467,187
0.522836864,0.488517344,0.144422904,0.445723798,0.254899114,0.530919405,0.236522933,0.195030481,188
0.539745927,0.495981932,0.203462958,0.448143804,0.2112775,0.556451969,0.197759408,0.21094124,189
0.494502276,0.465457141,0.215866268,0.429531844,0.15132235,0.539370682,0.209696467,0.203488558,190
0.500908613,0.470410168,0.206162095,0.426315697,0.144125447,0.558418186,0.195030481,0.202850212,191
0.486515164,0.464933842,0.202397287,0.421957843,0.136200637,0.592653725,0.21094124,0.246130031,192
0.491810918,0.467487603,0.213728905,0.425101031,0.133362249,0.594038944,0.203488558,0.230953369,193
0.483800262,0.459209025,0.212601811,0.419465119,0.122940257,0.606255217,0.202850212,0.255322205,194
0.488639265,0.465576917,0.232679814,0.42749124,0.123049833,0.615286905,0.246130031,0.23795921,195
0.513536632,0.463814348,0.240031138,0.423079749,0.121610567,0.628378472,0.230953369,0.218649261,196
0.489332467,0.470556408,0.23418954,0.436059597,0.177242965,0.627748047,0.255322205,0.204366283,197
0.51218915,0.486290574,0.253746688,0.439788198,0.174598947,0.630858035,0.23795921,0.217803453,198
0.481409431,0.473494917,0.235534608,0.439256582,0.189567193,0.604604637,0.218649261,0.23468769,199
0.483727217,0.48031956,0.22983633,0.43507532,0.172070295,0.613881165,0.204366283,0.222734672,200
0.464283198,0.472351074,0.224578649,0.427333328,0.146587312,0.627407706,0.217803453,0.244374581,201
0.473883033,0.470920891,0.236880645,0.424467874,0.126885176,0.674897765,0.23468769,0.242315917,202
0.474326372,0.46415773,0.239842102,0.428041978,0.140760392,0.682948076,0.222734672,0.236842105,203
0.484173626,0.467076331,0.252105176,0.431695324,0.137798086,0.680390759,0.244374581,0.242842552,204
0.497317493,0.4705742,0.250657797,0.429848529,0.144360363,0.690409575,0.242315917,0.245475727,205
0.483240306,0.47668615,0.237600431,0.437647039,0.185188577,0.702147052,0.236842105,0.228814912,206
0.486560047,0.485348314,0.250604987,0.436262536,0.171866521,0.704276717,0.242842552,0.227985063,207
0.480344176,0.47618863,0.260190904,0.443608826,0.172966585,0.728487854,0.245475727,0.213590374,208
0.505079091,0.469491839,0.258832395,0.432014684,0.144039527,0.714718923,0.228814912,0.193785707,209
0.471038342,0.474156052,0.225941271,0.435032236,0.187014937,0.71879907,0.227985063,0.205882353,210
0.483478218,0.485181183,0.231348664,0.438066497,0.180612907,0.716231154,0.213590374,0.199466982,211
0.47048524,0.466228008,0.230233923,0.430974864,0.148841426,0.700781745,0.193785707,0.166017682,212
0.468501627,0.461971074,0.221038714,0.418590773,0.115365691,0.689456684,0.205882353,0.146994989,213
0.462985843,0.462530553,0.210164383,0.423397944,0.135478705,0.683886293,0.199466982,0.162570617,214
0.484907627,0.452295929,0.21334067,0.425582705,0.120832719,0.622101051,0.166017682,0.170007341,215
0.492864877,0.434589148,0.191571787,0.413216603,0.085419066,0.609806512,0.146994989,0.172895854,216
0.495768845,0.439381212,0.157689214,0.406736898,0.083475895,0.629307359,0.162570617,0.15984169,217
0.5030936,0.451134145,0.149721071,0.404375215,0.085152388,0.629769506,0.170007341,0.158660751,218
0.48869589,0.450906098,0.160349995,0.406055174,0.093579985,0.641343915,0.172895854,0.17516198,219
0.476962477,0.450748742,0.172259808,0.408452994,0.094493188,0.632485362,0.15984169,0.20861128,220
0.460552186,0.445808858,0.174420193,0.40422616,0.07898508,0.601086704,0.158660751,0.213797836,221
0.455929667,0.445647359,0.181319684,0.403753297,0.066694319,0.608698794,0.17516198,0.206536657,222
0.475349188,0.44228974,0.205828607,0.405725381,0.049226254,0.610382287,0.20861128,0.19118445,223
0.493905038,0.440525115,0.214663461,0.408515906,0.071223922,0.641982018,0.213797836,0.180939006,224
0.482180417,0.456985533,0.202637061,0.418122402,0.134858906,0.656559181,0.206536657,0.173502282,225
0.470642745,0.472093821,0.205115154,0.426895191,0.157071128,0.640933961,0.19118445,0.181609269,226
0.453516155,0.464376122,0.207632452,0.417968749,0.123618074,0.660954374,0.180939006,0.165491047,227
0.426924676,0.456726462,0.199325815,0.41393527,0.111605421,0.656784644,0.173502282,0.16370368,228
0.430040985,0.453127295,0.204014838,0.407368277,0.079661258,0.660943252,0.181609269,0.183971147,229
0.423282027,0.444168508,0.20026058,0.407198558,0.080087267,0.66604165,0.165491047,0.183859436,230
0.428807288,0.440956146,0.197758585,0.404154533,0.0658632,0.663403809,0.16370368,0.186189397,231
0.431711942,0.442498595,0.197847217,0.400526173,0.052160375,0.651211936,0.183971147,0.181034758,232
0.442405581,0.442671776,0.200477332,0.406156052,0.071015432,0.654303193,0.183859436,0.187785261,233
0.448132962,0.445514828,0.20390591,0.40348483,0.070011966,0.655106802,0.186189397,0.161692892,234
0.428805768,0.450674444,0.1998308,0.411933718,0.10304188,0.656640259,0.181034758,0.159682104,235
0.448950797,0.451297045,0.213362947,0.410826688,0.078692608,0.676864231,0.187785261,0.166065558,236
0.449537486,0.439055234,0.20269841,0.41002813,0.083731152,0.683108541,0.161692892,0.167517794,237
0.454460233,0.440418184,0.188091531,0.407828925,0.080855981,0.680055297,0.159682104,0.164916536,238
0.464044303,0.443913579,0.181174412,0.404040001,0.066462792,0.670522246,0.166065558,0.179438894,239
0.468878388,0.439013839,0.178951889,0.404883951,0.069411494,0.663194648,0.167517794,0.15937889,240
0.49663952,0.429495752,0.194749981,0.415085907,0.064661428,0.624465181,0.164916536,0.169895631,241
0.525389314,0.422420323,0.182888433,0.395698245,0.023158386,0.669649876,0.179438894,0.166432607,242
0.499664366,0.441490948,0.129955143,0.413279956,0.14361304,0.678660803,0.15937889,0.157495771,243
0.505394518,0.467253476,0.152798474,0.412152457,0.115584306,0.693914704,0.169895631,0.158756503,244
0.472962171,0.452153087,0.170942068,0.408702582,0.093694888,0.669077437,0.166432607,0.172305384,245
0.469743788,0.444577605,0.17622456,0.405211566,0.077942185,0.677249143,0.157495771,0.184242444,246
0.459190756,0.441635013,0.174802393,0.402778006,0.069704272,0.67051525,0.158756503,0.180316619,247
0.460316271,0.443013638,0.17854625,0.401868531,0.061388008,0.656097428,0.172305384,0.155357314,248
0.469883502,0.440985858,0.19081068,0.40443805,0.060107034,0.637288709,0.184242444,0.117455555,249
0.478313416,0.440102756,0.193642408,0.405791837,0.071501642,0.615745034,0.180316619,0.110481632,250
0.518192708,0.404251814,0.219192043,0.448504916,0.10463354,0.644565635,0.155357314,0.111375315,251
0.586915076,0.373474509,0.176603436,0.382678447,-0.067960054,0.653657726,0.117455555,0.109651783,252
0.51831162,0.379540533,0.080038749,0.409442192,0.211487055,0.660448982,0.110481632,0.107242029,253
0.548685789,0.479317635,0.084660836,0.416581822,0.154084265,0.657569842,0.111375315,0.133286521,254
0.498921365,0.430674046,0.109000444,0.387987165,0.023457956,0.653589023,0.109651783,0.120854745,255
0.484001726,0.416525602,0.11278604,0.383135915,0.009651419,0.630548495,0.107242029,0.121333504,256
0.476172775,0.424404383,0.117744386,0.380627259,0.001719343,0.645730796,0.133286521,0.123583671,257
0.466166109,0.42677334,0.125034705,0.386111762,0.026155228,0.668579314,0.120854745,0.127381826,258
0.457674533,0.423494786,0.140651405,0.388216875,0.018696349,0.676417046,0.121333504,0.140691328,259
0.460330069,0.419723094,0.146223605,0.384880585,-0.002183927,0.697854139,0.123583671,0.156378666,260
0.456540048,0.416180193,0.138977915,0.385121484,0.010030857,0.697841011,0.127381826,0.152213463,261
0.466235548,0.425129354,0.145921856,0.387644319,0.011834784,0.719048336,0.140691328,0.165411254,262
0.473841935,0.423602849,0.159441322,0.390877387,0.014130459,0.712431855,0.156378666,0.158724586,263
0.479862988,0.426657289,0.159365982,0.392468719,0.034730997,0.738691841,0.152213463,0.158740545,264
0.466721356,0.438649416,0.159078181,0.398717564,0.065517247,0.751488493,0.165411254,0.146643899,265
0.467784047,0.446247727,0.169401616,0.401908944,0.06981682,0.739366733,0.158724586,0.153250774,266
0.449160695,0.440622002,0.172936335,0.400002253,0.066346921,0.720140317,0.158740545,0.137324056,267
0.445927143,0.440788776,0.17497538,0.403134665,0.068427026,0.722782358,0.146643899,0.142574447,268
0.4470267,0.434973955,0.175927579,0.395726525,0.039478235,0.697309968,0.153250774,0.144250104,269
0.445834994,0.430261731,0.167708412,0.400030023,0.055580873,0.678317082,0.137324056,0.154958348,270
0.462237775,0.428600729,0.167751506,0.394062716,0.027313277,0.676640894,0.142574447,0.136478248,271
0.455343306,0.428333968,0.154519379,0.391229142,0.035677299,0.662166425,0.144250104,0.134100412,272
0.454847485,0.436344355,0.15786542,0.396827851,0.051231194,0.690931031,0.154958348,0.149548371,273
0.464315683,0.432979226,0.16655913,0.395947448,0.040420905,0.691501501,0.136478248,0.134148288,274
0.447219998,0.425784647,0.157125771,0.394115279,0.04360377,0.716459615,0.134100412,0.110912515,275
0.457655519,0.434253395,0.159635514,0.393756583,0.030775432,0.711514427,0.149548371,0.082681689,276
0.459583372,0.426995307,0.155925617,0.392066695,0.034500606,0.719071499,0.134148288,0.072691583,277
0.454485387,0.42371577,0.148345768,0.396801403,0.050079416,0.692133504,0.110912515,0.079138872,278
0.469791234,0.415741652,0.138615489,0.391672443,0.016075931,0.697690564,0.082681689,0.100427691,279
0.472042471,0.398933619,0.109304011,0.378469256,-0.017629573,0.719738775,0.072691583,0.126919026,280
0.473783493,0.40566805,0.092091501,0.37233408,-0.024881668,0.717426679,0.079138872,0.131754492,281
0.470894367,0.412206322,0.092656888,0.368818361,-0.038704354,0.720834629,0.100427691,0.15446363,282
0.469984293,0.410739601,0.117243841,0.374724821,-0.038595941,0.720831087,0.126919026,0.145877885,283
0.484025955,0.406699806,0.140015438,0.378369365,-0.033278156,0.721773906,0.131754492,0.239874246,284
0.482048273,0.412423462,0.144090697,0.384857002,0.00452726,0.710447246,0.15446363,0.280090007,285
0.485562325,0.433485419,0.143456951,0.393906421,0.050172772,0.741302392,0.145877885,0.293223963,286
0.510652184,0.42375198,0.215503752,0.422483703,0.033837367,0.720513034,0.239874246,0.282419967,287
0.583262742,0.38330394,0.271586835,0.412141794,-0.048779685,0.736930314,0.280090007,0.2916281,288
0.607986808,0.364301443,0.18217878,0.429281627,0.182436213,0.737973588,0.293223963,0.323944336,289
0.601299405,0.535174847,0.148571819,0.475749952,0.324633241,0.742985229,0.282419967,0.315661805,290
0.573968709,0.528584957,0.239114925,0.477048377,0.292510986,0.700949756,0.2916281,0.32319428,291
0.561503112,0.507377446,0.311119825,0.482466475,0.243853778,0.724465602,0.323944336,0.315007501,292
0.58907032,0.484210551,0.318739146,0.463279877,0.203380227,0.711990342,0.315661805,0.32261977,293
0.579058051,0.504987657,0.255346835,0.473090743,0.297025114,0.718789976,0.32319428,0.323146405,294
0.573921382,0.539604247,0.27382037,0.48849427,0.320470005,0.73050495,0.315007501,0.348999394,295
0.549018562,0.526296616,0.309139609,0.478924774,0.284707606,0.727763116,0.32261977,0.3524305,296
0.535286248,0.518898487,0.323915094,0.478776022,0.271693468,0.734716827,0.323146405,0.34283936,297
0.543618619,0.512583554,0.343232363,0.478399864,0.252070516,0.755387088,0.348999394,0.356579745,298
0.556912541,0.512549281,0.346054047,0.478031135,0.260971218,0.757999759,0.3524305,0.338418818,299
0.55170846,0.524363101,0.329559952,0.483717367,0.300127536,0.765549471,0.34283936,0.348616386,300
0.551312745,0.531592846,0.353039384,0.49991604,0.307612091,0.761175461,0.356579745,0.361383295,301
0.57363987,0.511962831,0.367901534,0.497146933,0.27040875,0.772662264,0.338418818,0.358175609,302
0.584428251,0.506380677,0.329445183,0.476406755,0.273776114,0.776263998,0.348616386,0.377677061,303
0.572814763,0.544595838,0.301701277,0.497838727,0.340097278,0.767923236,0.361383295,0.370128627,304
0.57194972,0.539601147,0.347919881,0.494615747,0.314390779,0.765441004,0.358175609,0.362468482,305
0.550336421,0.53174603,0.363172114,0.497736275,0.308166385,0.785738363,0.377677061,0.363697297,306
0.563138962,0.531574547,0.376274168,0.491030403,0.294338673,0.815071921,0.370128627,0.35523922,307
0.538881302,0.534977615,0.35165751,0.49519132,0.326487899,0.829403584,0.362468482,0.336216527,308
0.539609671,0.539876521,0.370432436,0.498644013,0.31895107,0.827097235,0.363697297,0.348616386,309
0.531938136,0.529299736,0.371649712,0.495324257,0.300724834,0.814787592,0.35523922,0.350467588,310
0.537607372,0.521849334,0.360588104,0.490081643,0.291235536,0.818492956,0.336216527,0.348408924,311
0.534635663,0.525173664,0.348184586,0.484457641,0.288900495,0.822207956,0.348616386,0.350627174,312
0.534768879,0.53010428,0.347098976,0.486323134,0.294632077,0.80452964,0.350467588,0.332115158,313
0.531432509,0.525907934,0.352536559,0.485870118,0.289858222,0.814933879,0.348408924,0.292601577,314
0.525003016,0.525271177,0.356032819,0.484142703,0.285878837,0.822432899,0.350627174,0.315645846,315
0.529117584,0.520682633,0.354479343,0.493852706,0.293061554,0.8346938,0.332115158,0.337892183,316
0.548159659,0.507694185,0.33963412,0.483363806,0.267977446,0.82820394,0.292601577,0.343940506,317
0.534909129,0.513550639,0.300375283,0.468279717,0.266866624,0.823164452,0.315645846,0.350978264,318
0.529625297,0.53058368,0.303354084,0.475676402,0.283769846,0.821492988,0.337892183,0.354042322,319
0.519926131,0.521610379,0.333705693,0.469742469,0.263733745,0.798412821,0.343940506,0.350786761,320
0.484667182,0.521435857,0.348313808,0.479054016,0.27904892,0.804494844,0.350978264,0.337908142,321
0.496964127,0.519577086,0.369655848,0.479253191,0.263166994,0.798355366,0.354042322,0.341977594,322
0.483483106,0.517322302,0.362076402,0.478879983,0.272390217,0.793116181,0.350786761,0.340748779,323
0.481681466,0.523047268,0.35686782,0.48006511,0.284063578,0.807425648,0.337908142,0.382049727,324
0.478586704,0.521313131,0.360096633,0.48579089,0.280592561,0.807185698,0.341977594,0.387715043,325
0.503766,0.513219357,0.365622282,0.475633059,0.247628018,0.819889363,0.340748779,0.391209984,326
0.506369412,0.513471961,0.364656091,0.480900609,0.26152879,0.805059711,0.382049727,0.383198749,327
0.544487894,0.523526192,0.385593563,0.486720494,0.271133125,0.786797583,0.387715043,0.381347547,328
0.539747477,0.528046131,0.378001213,0.492423474,0.306723326,0.754928956,0.391209984,0.38377326,329
0.539289474,0.542656898,0.38645494,0.502782811,0.329832613,0.767342272,0.383198749,0.385576585,330
0.53091228,0.539962649,0.390804857,0.502611646,0.323151708,0.729485407,0.381347547,0.362963199,331
0.529107034,0.536804557,0.392914355,0.499177636,0.311657697,0.734481092,0.38377326,0.366761355,332
0.52818948,0.535743713,0.389807642,0.497654593,0.311375976,0.743845395,0.385576585,0.357904312,333
0.530920446,0.534146786,0.383644909,0.502295016,0.31917882,0.721186232,0.362963199,0.358718202,334
0.5270226,0.533292234,0.377138972,0.489702432,0.302914023,0.755587387,0.366761355,0.345632122,335
0.50369978,0.537791491,0.363660663,0.495722564,0.320950776,0.730339058,0.357904312,0.331955571,336
0.511820018,0.529674172,0.376255333,0.48907884,0.292619586,0.731115964,0.358718202,0.30975711,337
0.495613158,0.523646176,0.366005003,0.48753047,0.290095359,0.722530712,0.345632122,0.320545147,338
0.508002996,0.519567192,0.360407174,0.486837771,0.282184839,0.751310847,0.331955571,0.302639558,339
0.512834489,0.51409328,0.342958868,0.480139036,0.272453547,0.749657831,0.30975711,0.315374549,340
0.508020699,0.516212881,0.326298594,0.472798123,0.26553914,0.784248449,0.320545147,0.287446938,341
0.509548187,0.516330421,0.319613338,0.475253896,0.269082516,0.785109995,0.302639558,0.293942102,342
0.50888449,0.508823037,0.32426247,0.467351318,0.242784739,0.784740607,0.315374549,0.318310938,343
0.508848429,0.505146921,0.314403772,0.471247258,0.252664953,0.788371204,0.287446938,0.328189333,344
0.510972917,0.50265646,0.305627227,0.460570657,0.232921451,0.794230297,0.293942102,0.345711915,345
0.505499065,0.509177387,0.308873355,0.465598947,0.240226924,0.755453925,0.318310938,0.360409818,346
0.524736583,0.506463349,0.327287734,0.464256522,0.22769329,0.727451457,0.328189333,0.361096039,347
0.521712184,0.50738132,0.33408463,0.470481808,0.248596415,0.726273071,0.345711915,0.34226485,348
0.535741866,0.518078446,0.353320599,0.479602516,0.2642937,0.701911352,0.360409818,0.336583575,349
0.538116515,0.521690071,0.356913388,0.481945875,0.280302823,0.686290247,0.361096039,0.332147075,350
0.525678158,0.529468238,0.348396778,0.487853219,0.307154059,0.658978293,0.34226485,0.334923877,351
0.512046695,0.530074,0.35126704,0.488524647,0.302325368,0.665516835,0.336583575,0.358622451,352
0.501061618,0.524000287,0.351184249,0.480390507,0.279358894,0.678571513,0.332147075,0.35067505,353
0.488972783,0.519148231,0.346140772,0.477594492,0.271663159,0.68518422,0.334923877,0.345727873,354
0.500510871,0.518078089,0.360478699,0.476968555,0.256043255,0.694973462,0.358622451,0.335418595,355
0.508441806,0.515884757,0.36056459,0.477609466,0.264282256,0.692405096,0.35067505,0.350339919,356
0.505258083,0.519944906,0.355512351,0.483617425,0.285113096,0.68070794,0.345727873,0.344052217,357
0.508500695,0.523566186,0.356056452,0.482496447,0.282824218,0.703622875,0.335418595,0.366378347,358
0.500730753,0.521990716,0.354712635,0.482617908,0.278060675,0.706430832,0.350339919,0.369171108,359
0.518832326,0.518914163,0.361246794,0.481912202,0.267885268,0.712530749,0.344052217,0.376863171,360
0.524770379,0.515555084,0.362799227,0.48372628,0.268814951,0.73450362,0.366378347,0.362053557,361
0.543979049,0.523328602,0.36950618,0.484542887,0.277454615,0.723125868,0.369171108,0.386486228,362
0.542863786,0.52794373,0.366975248,0.495661412,0.306240171,0.756667539,0.376863171,0.382927452,363
0.557787776,0.531044483,0.377846181,0.497448884,0.303698152,0.775793418,0.362053557,0.378698414,364
0.546199441,0.534357786,0.367579937,0.489902788,0.306673437,0.77677382,0.386486228,0.382640197,365
0.538896739,0.54506129,0.372846484,0.500130034,0.329705417,0.75806921,0.382927452,0.371915994,366
0.534713328,0.536579609,0.38890779,0.502087448,0.317376733,0.761343362,0.378698414,0.397034886,367
0.532059312,0.532746434,0.392588675,0.495854418,0.301895887,0.763657342,0.382640197,0.405365293,368
0.531721294,0.53335017,0.381721288,0.500671884,0.316581666,0.765149231,0.371915994,0.40996138,369
0.543242037,0.535431087,0.392914355,0.49629929,0.301894099,0.787133424,0.397034886,0.420781335,370
0.546576977,0.53767401,0.396541446,0.502864211,0.315449178,0.820633703,0.405365293,0.429000032,371
0.555215955,0.540299833,0.403754652,0.501734806,0.319702953,0.826114971,0.40996138,0.427547796,372
0.542364419,0.549025893,0.406212449,0.508704246,0.341214001,0.818917268,0.420781335,0.431106572,373
0.541294396,0.551829576,0.423161417,0.511044172,0.341122061,0.794795352,0.429000032,0.421818646,374
0.531232178,0.549708366,0.427649438,0.516442354,0.345036507,0.795039245,0.427547796,0.425824264,375
0.538866818,0.547413826,0.436012387,0.514947522,0.335866153,0.785943673,0.431106572,0.4048227,376
0.534787178,0.54909867,0.427164555,0.51432038,0.34544453,0.787486106,0.421818646,0.38096454,377
0.536810517,0.551823318,0.428584576,0.519436001,0.350550115,0.779130579,0.425824264,0.388433181,378
0.552535892,0.544561505,0.42904824,0.523736443,0.341336221,0.772966304,0.4048227,0.396955092,379
0.561268449,0.537471473,0.406207949,0.506788389,0.328823298,0.791463236,0.38096454,0.391497239,380
0.542319655,0.550939023,0.377020955,0.508615676,0.352224141,0.803351009,0.388433181,0.405652549,381
0.54687804,0.549593925,0.39668116,0.506839778,0.334253073,0.804473384,0.396955092,0.404679072,382
0.529741585,0.540545642,0.395512611,0.500806481,0.322333872,0.795643723,0.391497239,0.421132425,383
0.525765002,0.540405929,0.404607534,0.505193634,0.321170837,0.772250075,0.405652549,0.418706712,384
0.535776317,0.539134383,0.411624849,0.501459714,0.312939942,0.783648424,0.404679072,0.418323705,385
0.525570989,0.543268144,0.4078722,0.504283157,0.328726918,0.769536149,0.421132425,0.427420127,386
0.539070904,0.546652853,0.423633099,0.515325112,0.33579281,0.782730126,0.418706712,0.421483515,387
0.542451084,0.542614222,0.423022866,0.505510888,0.325075835,0.75324911,0.418323705,0.427930803,388
0.527432084,0.55179435,0.417415082,0.515056898,0.350755215,0.779931317,0.427420127,0.416440586,389
0.539683223,0.550524235,0.431290686,0.512708972,0.340366364,0.764158254,0.421483515,0.411142319,390
0.517802894,0.549695611,0.424197435,0.513611178,0.345418066,0.710667863,0.427930803,0.409945421,391
0.525349855,0.549574018,0.430611879,0.51334697,0.341410607,0.740413997,0.416440586,0.420047238,392
0.508169234,0.547156036,0.420168012,0.511029559,0.341790587,0.748848133,0.411142319,0.417366187,393
0.510752499,0.54686588,0.422824323,0.511017311,0.335502952,0.712927202,0.409945421,0.424052855,394
0.510638356,0.54387939,0.422789484,0.505687028,0.323895901,0.701196728,0.420047238,0.439676359,395
0.510497749,0.544753492,0.421034306,0.508394015,0.331477761,0.690349153,0.417366187,0.399460598,396
0.517370164,0.544564307,0.426662445,0.510372514,0.330129921,0.670494013,0.424052855,0.409099614,397
0.524095535,0.546331167,0.434025526,0.510175678,0.328052491,0.678094145,0.439676359,0.430962944,398
0.529468119,0.545279086,0.422395468,0.517547505,0.347536147,0.679441592,0.399460598,0.424866745,399
0.529273808,0.545188308,0.419769168,0.510145856,0.335818708,0.618158626,0.409099614,0.438160289,400
0.52346319,0.551993966,0.421934903,0.508202613,0.335124135,0.595981711,0.430962944,0.446905621,401
0.523346007,0.549505711,0.42327404,0.510143637,0.340446621,0.644121915,0.424866745,0.453751875,402
0.5159567,0.54860419,0.433764815,0.513874643,0.33909145,0.631461339,0.438160289,0.457518113,403
0.524879575,0.54906559,0.444811761,0.515646939,0.334538788,0.673281607,0.446905621,0.456209505,404
0.53346312,0.549139559,0.445646465,0.518998374,0.342320234,0.684522969,0.453751875,0.468768951,405
0.54856503,0.553223073,0.453130305,0.525262675,0.351754874,0.69854232,0.457518113,0.458667135,406
0.559196591,0.555504143,0.454717994,0.527488122,0.358527273,0.698180372,0.456209505,0.4805943,407
0.558927178,0.562473834,0.455017269,0.523793992,0.365840822,0.6746806,0.468768951,0.482892343,408
0.550479054,0.567201257,0.455327451,0.536269084,0.384563833,0.710447105,0.458667135,0.495180492,409
0.555537879,0.561766326,0.473387718,0.528702871,0.361632943,0.681702265,0.4805943,0.508761291,410
0.544707298,0.565040886,0.468492657,0.532266007,0.374039799,0.688464803,0.482892343,0.483690275,411
0.553066134,0.56630224,0.481069982,0.535761396,0.375784725,0.722587354,0.495180492,0.486961795,412
0.554630697,0.568618596,0.493649662,0.540893004,0.379201025,0.702251449,0.508761291,0.480338961,413
0.563157558,0.567617536,0.49019891,0.543826294,0.386795014,0.668588505,0.483690275,0.508968753,414
0.557727039,0.570521712,0.483693123,0.541357022,0.390542746,0.691880872,0.486961795,0.510564617,415
0.554613411,0.57387054,0.483520091,0.542094204,0.392900556,0.686175563,0.480338961,0.51508091,416
0.549302101,0.571475506,0.491268098,0.537747059,0.382142246,0.664872802,0.508968753,0.497015735,417
0.549096286,0.572072148,0.500625432,0.541418048,0.384958267,0.691213775,0.510564617,0.505569564,418
0.548285127,0.570869744,0.503897429,0.54394234,0.388304085,0.698917516,0.51508091,0.518288596,419
0.549920321,0.572494805,0.504880667,0.548741925,0.395127565,0.668617411,0.497015735,0.518527975,420
0.547703922,0.572834194,0.503617287,0.542500924,0.390360922,0.668989674,0.505569564,0.519038652,421
0.543827236,0.576758206,0.508032024,0.54666606,0.395169646,0.66936769,0.518288596,0.517155533,422
0.548223555,0.573896885,0.515229523,0.542601848,0.389872193,0.696270439,0.518527975,0.515432,423
0.530799925,0.576293826,0.509481251,0.549166633,0.400961787,0.714099504,0.519038652,0.521576075,424
0.543013692,0.573640108,0.523003399,0.549743374,0.392770976,0.703675102,0.517155533,0.509495388,425
0.548899889,0.570631027,0.510690629,0.555156655,0.39261955,0.677246866,0.515432,0.516006511,426
0.571680367,0.571013629,0.522592783,0.543961199,0.382336795,0.731721321,0.521576075,0.514570234,427
0.552903175,0.581206322,0.497095406,0.54704432,0.411521405,0.745831997,0.509495388,0.508458077,428
0.550112665,0.580860794,0.519541442,0.554263457,0.411385447,0.75562398,0.516006511,0.499824455,429
0.542075038,0.574623406,0.521695256,0.548190712,0.392924964,0.746180702,0.514570234,0.511841307,430
0.534404159,0.572042227,0.506043017,0.546727733,0.392705768,0.76113982,0.508458077,0.510245444,431
0.539253473,0.572576404,0.506603181,0.545002791,0.392423093,0.766735756,0.499824455,0.51064441,432
0.532020211,0.574219823,0.504538834,0.543618499,0.392040074,0.750511841,0.511841307,0.507085634,433
0.537530065,0.573341966,0.509487033,0.545291246,0.390430748,0.765208782,0.510245444,0.518448182,434
0.535065711,0.571371615,0.506025493,0.542998015,0.388476789,0.784565953,0.51064441,0.530592704,435
0.533315778,0.573196888,0.506076455,0.54649458,0.393419474,0.740496981,0.507085634,0.522549552,436
0.536656141,0.572939575,0.512726307,0.542379282,0.387397259,0.792484293,0.518448182,0.518001341,437
0.531771243,0.575935841,0.515570045,0.54647861,0.393789709,0.770064822,0.530592704,0.516995947,438
0.539895058,0.574427187,0.522226393,0.548265139,0.394634098,0.716792345,0.522549552,0.490616322,439
0.532983482,0.574872434,0.516124964,0.551079995,0.399306983,0.7106496,0.518001341,0.493983595,440
0.544896901,0.574416637,0.521713912,0.551985059,0.394879192,0.71576249,0.516995947,0.494238933,441
0.563114107,0.567604363,0.502326906,0.561647995,0.395502597,0.667230064,0.490616322,0.478407967,442
0.584245265,0.566125512,0.504215658,0.535159653,0.373606861,0.631872166,0.493983595,0.497558329,443
0.551778972,0.583598375,0.464529574,0.544951987,0.416560799,0.663548432,0.494238933,0.500893684,444
0.559411526,0.574177027,0.496336043,0.547617757,0.404026747,0.653742619,0.478407967,0.471960678,445
0.525710344,0.569273889,0.488857955,0.53776984,0.38164714,0.712380369,0.497558329,0.472184099,446
0.530081928,0.568273723,0.495026529,0.537267686,0.376223147,0.701050253,0.500893684,0.45719894,447
0.528190017,0.564649761,0.478602529,0.539544141,0.383989304,0.705053461,0.471960678,0.474928984,448
0.526621163,0.565193534,0.477877349,0.536280899,0.379204988,0.721868995,0.472184099,0.470987201,449
0.528185785,0.564556658,0.469999969,0.536519482,0.377351731,0.721111337,0.45719894,0.477179152,450
0.533316016,0.561047614,0.468899548,0.525800151,0.361290485,0.707062487,0.474928984,0.46351856,451
0.523585796,0.565155506,0.464490801,0.529570193,0.37402764,0.689317349,0.470987201,0.462513166,452
0.524092615,0.562851429,0.471276939,0.529472115,0.370188057,0.690864153,0.477179152,0.429893715,453
0.51684171,0.561849296,0.469043702,0.53330129,0.372134089,0.702143454,0.46351856,0.450081389,454
0.522825241,0.558162391,0.467244506,0.52879427,0.362313867,0.641374444,0.462513166,0.456480802,455
0.523685813,0.55697298,0.452638716,0.531152691,0.369321644,0.627423854,0.429893715,0.437027225,456
0.529599309,0.555670798,0.45162937,0.519957611,0.351651549,0.630348314,0.450081389,0.431202324,457
0.521505654,0.560850322,0.448407352,0.520198458,0.35920471,0.666969116,0.456480802,0.410248636,458
0.520751059,0.556185842,0.446277201,0.524333614,0.363586962,0.596917318,0.437027225,0.406929239,459
0.511475921,0.552582085,0.445679396,0.519947545,0.35232082,0.617987028,0.431202324,0.37429383,460
0.502047777,0.551030457,0.432658762,0.517914369,0.351405382,0.641627824,0.410248636,0.383278542,461
0.504682183,0.546429753,0.424931407,0.512443862,0.338389307,0.619862846,0.406929239,0.41663209,462
0.509714603,0.540353417,0.409822464,0.511497154,0.333022743,0.645162022,0.37429383,0.425377422,463
0.514094114,0.5352211,0.399157763,0.497572453,0.30932948,0.651206464,0.383278542,0.44060196,464
0.51210773,0.542171896,0.40122804,0.497933841,0.311834425,0.671124034,0.41663209,0.449857968,465
0.526398599,0.542032778,0.415618658,0.50100134,0.31484291,0.690208014,0.425377422,0.437729405,466
0.517362237,0.54468143,0.42538327,0.505833473,0.328002989,0.697477762,0.44060196,0.443235135,467
0.518092453,0.551407874,0.441168547,0.514697973,0.341312706,0.726588291,0.449857968,0.451629377,468
0.518333137,0.550916195,0.443330467,0.51791074,0.347894132,0.735799834,0.437729405,0.433979126,469
0.514160693,0.55243516,0.444460392,0.51946031,0.349985808,0.755049471,0.443235135,0.447224793,470
0.524820745,0.553592384,0.451013207,0.521109883,0.346537262,0.737317377,0.451629377,0.449474961,471
0.533903897,0.550504088,0.444301784,0.521716748,0.350334287,0.716306348,0.433979126,0.452682647,472
0.532584965,0.554270446,0.4432697,0.517462647,0.350992918,0.726633138,0.447224793,0.459640612,473
0.527292311,0.560052395,0.445246786,0.521762861,0.36133635,0.707865181,0.449474961,0.466423032,474
0.524871588,0.556708157,0.450819641,0.521006783,0.356295735,0.697691325,0.452682647,0.46433245,475
0.514276564,0.557159483,0.454691768,0.521299087,0.355504781,0.743268485,0.459640612,0.469614759,476
0.515564203,0.557434261,0.460115552,0.524399395,0.356464833,0.735022696,0.466423032,0.48187099,477
0.518265069,0.557122231,0.462410092,0.523328303,0.356702656,0.730150714,0.46433245,0.482445501,478
0.509744942,0.560318232,0.46219486,0.526160793,0.365222514,0.736610438,0.469614759,0.485701063,479
0.516201556,0.561671734,0.472530574,0.527979548,0.362813771,0.701271472,0.48187099,0.474019342,480
0.514907956,0.561423898,0.47334215,0.528500439,0.365180701,0.727700691,0.482445501,0.464300533,481
0.511704385,0.56348592,0.475884408,0.530947472,0.37157312,0.701417516,0.485701063,0.480977307,482
0.510285676,0.564127564,0.476439238,0.533769059,0.375783831,0.737923044,0.474019342,0.470125435,483
0.508453131,0.56142956,0.471350133,0.533294966,0.372506648,0.762861922,0.464300533,0.472216016,484
0.51267606,0.561407804,0.474194944,0.528010944,0.361692131,0.753163315,0.480977307,0.480642175,485
0.51684761,0.561757922,0.469304681,0.531064872,0.369131535,0.756197371,0.470125435,0.477530242,486
0.522261024,0.560247421,0.470123708,0.529414947,0.366481811,0.773637202,0.472216016,0.482126329,487
0.516654074,0.56406796,0.472548008,0.528554546,0.36871469,0.789690452,0.480642175,0.468609365,488
0.514675856,0.564334333,0.472686589,0.531633565,0.373823732,0.783484456,0.477530242,0.473317162,489
0.516146123,0.562384665,0.476792395,0.532439453,0.369230241,0.803198156,0.482126329,0.464651623,490
0.515393376,0.561659336,0.472999394,0.530803474,0.36967963,0.813593866,0.468609365,0.461252434,491
0.50568682,0.56321913,0.469198525,0.52884039,0.371944606,0.810843638,0.473317162,0.484376496,492
0.500849605,0.563734055,0.469516039,0.529216178,0.372514874,0.826583503,0.464651623,0.482764674,493
0.501711965,0.558326244,0.465153456,0.53300071,0.366345495,0.831596117,0.461252434,0.464029236,494
0.522912204,0.555388212,0.474480301,0.522722823,0.342710614,0.831812343,0.484376496,0.466949666,495
0.516455591,0.561531186,0.466186583,0.526711368,0.36797601,0.804763859,0.482764674,0.46889662,496
0.525300503,0.563762486,0.47038126,0.535827367,0.380727112,0.813855449,0.464029236,0.459991702,497
0.515319705,0.562154353,0.471681952,0.527902592,0.368180454,0.82450328,0.466949666,0.453911461,498
0.500928938,0.563889325,0.4657318,0.530354507,0.372195303,0.818433504,0.46889662,0.437107019,499
0.518342853,0.557550251,0.467904031,0.529844857,0.36115402,0.813066448,0.459991702,0.45638505,500
0.51682663,0.555018842,0.45929119,0.525434764,0.357436001,0.788133552,0.453911461,0.450623983,501
0.519032657,0.557347357,0.450754464,0.525500672,0.364471287,0.810569154,0.437107019,0.427547796,502
0.51750952,0.558153331,0.452363014,0.520810417,0.3559753,0.80590268,0.45638505,0.443235135,503
0.517227411,0.557813346,0.452704519,0.52280979,0.357278645,0.81074448,0.450623983,0.447575883,504
0.51883024,0.551422656,0.444654018,0.524079761,0.356599718,0.823487207,0.427547796,0.430739523,505
0.522511363,0.551330864,0.446860045,0.519086868,0.343678534,0.80793623,0.443235135,0.44679391,506
0.553259134,0.544662535,0.446806669,0.539020443,0.346158326,0.813542689,0.447575883,0.455156235,507
0.593901336,0.534223676,0.448633969,0.509676116,0.31179896,0.819367609,0.430739523,0.4660879,508
0.563216865,0.561225653,0.391634166,0.522203551,0.390834123,0.873863505,0.44679391,0.465481472,509
0.574706018,0.570411682,0.444705725,0.534004905,0.387112737,0.873996824,0.455156235,0.486195781,510
0.546520472,0.561054587,0.454909176,0.524365407,0.363034666,0.896764672,0.4660879,0.448932367,511
0.534866273,0.561053574,0.459919661,0.526657021,0.365946859,0.875358011,0.465481472,0.466486866,512
0.535048962,0.56155467,0.470661998,0.530999948,0.364349782,0.876733175,0.486195781,0.45322524,513
0.545672834,0.55856967,0.466436207,0.533562284,0.369152695,0.871743317,0.448932367,0.453735917,514
0.538856804,0.560014427,0.459856808,0.527974468,0.367915541,0.889577316,0.466486866,0.452491143,515
0.544035971,0.565314293,0.461606562,0.532970391,0.374951869,0.88638456,0.45322524,0.474147011,516
0.543337286,0.558738232,0.455964386,0.52714734,0.364799052,0.895507939,0.453735917,0.449826051,517
0.53636241,0.561047316,0.4544245,0.525785028,0.365752667,0.905266115,0.452491143,0.479796368,518
0.534362078,0.56151545,0.460401177,0.526272621,0.362533927,0.920817514,0.474147011,0.478551594,519
0.539599001,0.558784246,0.460254073,0.529635539,0.365645915,0.907107514,0.449826051,0.469614759,520
0.537302852,0.558429062,0.463735104,0.526808232,0.35900113,0.922311143,0.479796368,0.475503495,521
0.54509747,0.56439662,0.471599936,0.528696392,0.366600484,0.922954116,0.478551594,0.466806039,522
0.534271002,0.564398825,0.463794827,0.531643959,0.379772097,0.943095702,0.469614759,0.473764004,523
0.531420708,0.56567353,0.475127757,0.535522722,0.376894563,0.914155228,0.475503495,0.485254221,524
0.53457886,0.56123811,0.47218886,0.533474766,0.368063092,0.930178629,0.466806039,0.475519454,525
0.535796404,0.560692549,0.468159765,0.528574379,0.365520567,0.899970969,0.473764004,0.485142511,526
0.54041183,0.565317869,0.473258317,0.535099348,0.373591363,0.861647873,0.485254221,0.488589576,527
0.549637556,0.563464344,0.476068825,0.531468771,0.370728016,0.868837826,0.475519454,0.47684402,528
0.533644974,0.567525983,0.471446872,0.535213504,0.382509738,0.873368956,0.485142511,0.470795698,529
0.54338783,0.567862511,0.487374365,0.537164449,0.377328187,0.869187234,0.488589576,0.4731097,530
0.535892069,0.564845979,0.476033211,0.53560814,0.378581315,0.87394928,0.47684402,0.485988318,531
0.532090008,0.566005468,0.474255204,0.535140149,0.380418658,0.886498521,0.470795698,0.481312438,532
0.528789341,0.565769017,0.473679781,0.534884065,0.376640171,0.907765591,0.4731097,0.489850308,533
0.53253907,0.563857436,0.476996154,0.530515062,0.366912067,0.900450929,0.485988318,0.494941113,534
0.531946361,0.564264357,0.474468589,0.534492238,0.374678552,0.863600589,0.481312438,0.514873448,535
0.539695084,0.564160109,0.481586814,0.53533635,0.372442931,0.868164123,0.489850308,0.502601258,536
0.545725882,0.565941751,0.485827565,0.539145037,0.376130253,0.87406199,0.494941113,0.49064824,537
0.555442214,0.568500519,0.497447789,0.536238423,0.375526547,0.82132254,0.514873448,0.492020682,538
0.54849577,0.574525177,0.494327188,0.542872079,0.396123856,0.834724534,0.502601258,0.506574958,539
0.543467402,0.573043764,0.497900248,0.547610283,0.398872733,0.834488006,0.49064824,0.497031694,540
0.542643309,0.569785953,0.499146372,0.545718162,0.386093765,0.875673927,0.492020682,0.497685998,541
0.550393224,0.568118572,0.497881114,0.538672928,0.376009554,0.874669436,0.506574958,0.508362325,542
0.549818695,0.571949542,0.489916205,0.539965995,0.390193731,0.855327726,0.497031694,0.500446842,543
0.542023778,0.573931277,0.493907303,0.543601055,0.396304786,0.857455495,0.497685998,0.498627557,544
0.538163781,0.572790027,0.50564152,0.543365187,0.387840271,0.869135241,0.508362325,0.501005394,545
0.537047684,0.569824398,0.499432951,0.542245855,0.385476857,0.854467275,0.500446842,0.492148351,546
0.533543825,0.5702281,0.496116459,0.540673396,0.387553811,0.860875803,0.498627557,0.48467971,547
0.530681431,0.572386086,0.498678446,0.543315798,0.390094697,0.885242159,0.501005394,0.470285021,548
0.535728931,0.569115877,0.496874452,0.542319524,0.385103047,0.895746389,0.492148351,0.446347068,549
0.531673372,0.56779325,0.486948937,0.539158946,0.383944243,0.898907219,0.48467971,0.457214899,550
0.532076001,0.567550838,0.478970647,0.540929198,0.385775179,0.892029894,0.470285021,0.456225464,551
0.54241246,0.560836256,0.468702644,0.540545866,0.376796305,0.854250997,0.446347068,0.452539019,552
0.550584733,0.557828069,0.462058842,0.52622834,0.35785073,0.844341961,0.457214899,0.460342791,553
0.547595739,0.563661218,0.449848354,0.528445538,0.373012125,0.876174078,0.456225464,0.390412052,554
0.551155329,0.561954021,0.454552352,0.528340979,0.370242,0.864640377,0.452539019,0.398790335,555
0.535846651,0.56200695,0.455220819,0.524305909,0.366016567,0.839065885,0.460342791,0.374836424,556
0.542485118,0.552471399,0.437116325,0.544772416,0.378409445,0.844609068,0.390412052,0.398375411,557
0.565190911,0.536764324,0.432213664,0.507727576,0.313014954,0.848898539,0.398790335,0.374150203,558
0.548108459,0.543396533,0.377314448,0.519322292,0.362595856,0.847953278,0.374836424,0.364718649,559
0.574020565,0.545504212,0.394781023,0.501682483,0.32149303,0.827748628,0.398375411,0.396316747,560
0.541364074,0.546584308,0.368095249,0.505769053,0.347335547,0.815671678,0.374150203,0.415435192,561
0.539287031,0.541166484,0.379504085,0.502304494,0.330799252,0.792096272,0.364718649,0.402492739,562
0.514020383,0.540086627,0.389025569,0.494078837,0.307075649,0.797559819,0.396316747,0.389917334,563
0.518804669,0.538984239,0.403314412,0.497026579,0.304727584,0.82274591,0.415435192,0.383629632,564
0.527097225,0.534450471,0.409152716,0.503899197,0.31460467,0.830064278,0.402492739,0.377645144,565
0.525043607,0.537380993,0.404988408,0.501774683,0.322282195,0.808763633,0.389917334,0.386550062,566
0.506802261,0.545051098,0.393034518,0.503550726,0.336405069,0.779555204,0.383629632,0.370032875,567
0.505155206,0.541157901,0.395771593,0.50222883,0.323985726,0.786770597,0.377645144,0.386789442,568
0.501361907,0.533571362,0.397620171,0.495894057,0.301116168,0.775485835,0.386550062,0.375873735,569
0.503777087,0.530417264,0.389291853,0.493969578,0.302539915,0.786508607,0.370032875,0.36483036,570
0.505550265,0.531879723,0.389590204,0.495426999,0.302601635,0.79690075,0.386789442,0.387986339,571
0.529846191,0.529165149,0.395826936,0.502332847,0.300096333,0.866797727,0.375873735,0.399412722,572
0.540733457,0.523881555,0.380452573,0.488213769,0.291746378,0.865537775,0.36483036,0.416105455,573
0.517653286,0.541870058,0.365899563,0.494707562,0.325004399,0.854255708,0.387986339,0.425425298,574
0.525402248,0.543365657,0.394411355,0.497406552,0.315864444,0.853083771,0.399412722,0.436085666,575
0.507288218,0.537663162,0.40629372,0.497949248,0.309545457,0.863880844,0.416105455,0.433659953,576
0.508676648,0.540957928,0.420554996,0.500216356,0.314175516,0.7764433,0.425425298,0.440059366,577
0.496565729,0.546125472,0.425727814,0.506521648,0.331623018,0.771721909,0.436085666,0.447623759,578
0.502017021,0.548260689,0.436964393,0.512961589,0.337889254,0.793368175,0.433659953,0.453145447,579
0.501004815,0.547174692,0.440182626,0.513263261,0.335241884,0.780322036,0.440059366,0.452347515,580
0.50637424,0.550023675,0.444449037,0.51424176,0.338507473,0.770829399,0.447623759,0.452203888,581
0.516156733,0.55153513,0.448174536,0.520966322,0.346484393,0.731181736,0.453145447,0.446123648,582
0.530326903,0.551754594,0.453570336,0.518825459,0.344418406,0.702464558,0.452347515,0.43895822,583
0.524244249,0.556276619,0.448233902,0.52409447,0.360925734,0.718101891,0.452203888,0.446777952,584
0.535574913,0.557094216,0.454337358,0.525171787,0.359063327,0.761559398,0.446123648,0.449075995,585
0.529949665,0.555291712,0.446261674,0.523891551,0.358982503,0.812284249,0.43895822,0.456512719,586
0.533439755,0.556029618,0.448039174,0.521322331,0.353733689,0.839420333,0.446777952,0.45486898,587
0.532503664,0.556582451,0.447128952,0.52138058,0.355283499,0.843650915,0.449075995,0.459991702,588
0.532923281,0.556780398,0.451078176,0.521760952,0.355511814,0.856974892,0.456512719,0.450879321,589
0.531077623,0.557739079,0.453800619,0.524278638,0.359535903,0.885177677,0.45486898,0.449810092,590
0.529070377,0.558131516,0.456538498,0.523578939,0.359189779,0.878020109,0.459991702,0.45614567,591
0.525750935,0.558893979,0.455218017,0.526978497,0.364839137,0.892434431,0.450879321,0.437011267,592
0.532182992,0.555677831,0.455950707,0.528265562,0.358863384,0.87475706,0.449810092,0.392821806,593
0.539277077,0.555363476,0.456237376,0.521217658,0.350339293,0.881654696,0.45614567,0.402668284,594
0.536987066,0.557490885,0.443892717,0.528691462,0.369009852,0.873579482,0.437011267,0.425122084,595
0.548422873,0.55057323,0.434215903,0.528196054,0.361991882,0.852778374,0.392821806,0.438814593,596
0.540376782,0.547894061,0.416526318,0.51176545,0.340698987,0.827428047,0.402668284,0.423462385,597
0.539898694,0.553533137,0.412704825,0.511102352,0.340957701,0.847408838,0.425122084,0.423941145,598
0.55125165,0.548314929,0.428627044,0.514230736,0.333147466,0.849783957,0.438814593,0.44211803,599
0.552672505,0.546001494,0.427942008,0.51225855,0.338692725,0.83104477,0.423462385,0.439963614,600
0.539723694,0.553560555,0.421923459,0.519284214,0.358941942,0.83490076,0.423941145,0.436165459,601
0.547456384,0.555109739,0.44018355,0.518335048,0.345512927,0.848177136,0.44211803,0.420190865,602
0.542885005,0.552307487,0.435869932,0.516574896,0.347207487,0.82768401,0.439963614,0.415259647,603
0.545444608,0.55282104,0.438423961,0.525029881,0.356580764,0.851598884,0.436165459,0.433803581,604
0.558329105,0.548840225,0.439835906,0.524339359,0.347699046,0.84417916,0.420190865,0.461220516,605
0.560006499,0.548332751,0.42261526,0.51685564,0.348262012,0.833107059,0.415259647,0.467572053,606
0.561633468,0.556414127,0.422019482,0.520218174,0.355302125,0.856183659,0.433803581,0.453512496,607
0.569178343,0.556435704,0.441729814,0.518820464,0.344686925,0.826973274,0.461220516,0.417717277,608
0.56953764,0.557019055,0.448062718,0.525520277,0.358914375,0.785209579,0.467572053,0.440729629,609
0.570547342,0.5610286,0.452658296,0.528918255,0.371784657,0.799837558,0.453512496,0.443793687,610
0.560007393,0.561651349,0.440155357,0.538022146,0.385540932,0.785733081,0.417717277,0.433245029,611
0.56248045,0.557898939,0.446117699,0.521275847,0.353441566,0.791008974,0.440729629,0.420302576,612
0.547222078,0.56141907,0.430722266,0.520457878,0.364234865,0.789363655,0.443793687,0.404168396,613
0.546976984,0.55752337,0.437101364,0.523125976,0.364073813,0.770307903,0.433245029,0.404854617,614
0.533248484,0.553406298,0.436069965,0.52176317,0.356505632,0.739395256,0.420302576,0.396380582,615
0.527089298,0.549738765,0.425443679,0.515769604,0.347854197,0.689242505,0.404168396,0.357824519,616
0.524463117,0.547158539,0.417336643,0.51458433,0.34097746,0.60735141,0.404854617,0.403801347,617
0.53528285,0.542474449,0.413917363,0.506828414,0.324947417,0.673868717,0.396380582,0.402620408,618
0.54435575,0.530534625,0.39307791,0.52287168,0.337177306,0.642479944,0.357824519,0.356180779,619
0.579464078,0.524092913,0.408539325,0.49440659,0.268259734,0.698222406,0.403801347,0.377373847,620
0.582761467,0.52892977,0.366573572,0.507177632,0.337626398,0.701248602,0.402620408,0.327965912,621
0.594323158,0.546339869,0.364644945,0.515463018,0.354849041,0.686743387,0.356180779,0.281606077,622
0.576730609,0.546406209,0.363743037,0.508010414,0.340356916,0.643429848,0.377373847,0.269429638,623
0.573242724,0.543332875,0.345656663,0.505446837,0.338293254,0.638297416,0.327965912,0.291580224,624
0.558728218,0.525607526,0.314367592,0.499689384,0.324722588,0.654812107,0.281606077,0.352175162,625
0.561887741,0.513638139,0.302480578,0.485715816,0.27303496,0.616042846,0.269429638,0.337205962,626
0.569077432,0.499224484,0.271762639,0.462537648,0.230518043,0.617429994,0.291580224,0.348823849,627
0.572320938,0.513326585,0.275822848,0.465713256,0.247256398,0.62601297,0.352175162,0.363553669,628
0.578009725,0.521077454,0.307191312,0.478289643,0.27659142,0.653701518,0.337205962,0.363824966,629
0.566152096,0.521609008,0.325879782,0.48510658,0.292273551,0.620971595,0.348823849,0.386853276,630
0.562921941,0.533212245,0.345073462,0.486103227,0.294115782,0.604716004,0.363553669,0.391896205,631
0.549401641,0.534078538,0.346386999,0.491517965,0.311553866,0.59830778,0.363824966,0.392789889,632
0.551586628,0.533738971,0.378604174,0.498046412,0.301335424,0.612864808,0.386853276,0.388257636,633
0.558450162,0.530426025,0.387972295,0.49259553,0.293501943,0.643423341,0.391896205,0.403897099,634
0.555121243,0.53608638,0.381665409,0.506303111,0.329104304,0.662210756,0.392789889,0.378554786,635
0.562912405,0.542827308,0.391773999,0.4985665,0.321154445,0.617736958,0.388257636,0.374836424,636
0.528115451,0.549440563,0.381363332,0.505503082,0.345055163,0.624356435,0.403897099,0.378905876,637
0.537608087,0.543527722,0.403043658,0.508041661,0.331520855,0.57125576,0.378554786,0.384491398,638
0.513944566,0.534001887,0.390095294,0.498624503,0.315599322,0.564395816,0.374836424,0.4242284,639
0.513434529,0.538081467,0.388994664,0.496828078,0.312005252,0.532777326,0.378905876,0.414014873,640
0.513024569,0.53528142,0.388521075,0.495353629,0.306815088,0.573841643,0.384491398,0.397178513,641
0.524365604,0.535170853,0.408577353,0.499076679,0.296777934,0.547467088,0.4242284,0.406530274,642
0.542530835,0.535201669,0.415014505,0.500017377,0.307071,0.551108875,0.414014873,0.4092592,643
0.532629192,0.541414917,0.40138638,0.510650321,0.343743742,0.577257697,0.397178513,0.425616801,644
0.537015319,0.548319221,0.414730459,0.507857062,0.334270328,0.575891447,0.406530274,0.403083208,645
0.518943191,0.547945321,0.407631218,0.506634053,0.336140513,0.582631933,0.4092592,0.400737289,646
0.52365756,0.545599937,0.42167753,0.508362206,0.327595383,0.643120956,0.425616801,0.422919792,647
0.531580269,0.539845884,0.421230793,0.514045635,0.329382777,0.659201639,0.403083208,0.419504644,648
0.540713608,0.537374437,0.414098918,0.506487603,0.322510272,0.670492362,0.400737289,0.418387539,649
0.536664367,0.549048901,0.409691513,0.506796588,0.33552283,0.671708125,0.422919792,0.424739076,650
0.539986789,0.551403403,0.416534215,0.511663183,0.343350172,0.693685282,0.419504644,0.437697488,651
0.532580495,0.547002256,0.422445774,0.5130126,0.339723766,0.681229136,0.418387539,0.436899556,652
0.529834092,0.547704339,0.427516818,0.510518919,0.33427456,0.661586224,0.424739076,0.448948326,653
0.526823401,0.55022037,0.429541051,0.51281477,0.33998552,0.650486176,0.437697488,0.45614567,654
0.532338023,0.550966024,0.436874092,0.515023781,0.342737317,0.662047208,0.436899556,0.430244805,655
0.52882731,0.552036941,0.441438168,0.518290425,0.346696526,0.682373331,0.448948326,0.417844946,656
0.539294839,0.553823888,0.451794863,0.52156964,0.34736371,0.676675511,0.45614567,0.396252912,657
0.543140709,0.552180767,0.443053126,0.524593358,0.358330548,0.660071269,0.430244805,0.402381028,658
0.540688813,0.553738534,0.434025288,0.52174968,0.359853894,0.671162256,0.417844946,0.407886758,659
0.541824222,0.551672161,0.422933072,0.526173141,0.358547926,0.704385909,0.396252912,0.419376975,660
0.554967463,0.542759418,0.417985708,0.508495854,0.323808968,0.719926616,0.402381028,0.395726277,661
0.546492815,0.546428859,0.398490965,0.508760175,0.339890569,0.71966724,0.407886758,0.420334493,662
0.554588497,0.549689353,0.412100554,0.510359876,0.337372988,0.694209583,0.419376975,0.406019597,663
0.542402804,0.547349811,0.406145155,0.509391871,0.343033135,0.713616299,0.395726277,0.395518815,664
0.526857853,0.549192965,0.412240028,0.509340229,0.339301348,0.706978809,0.420334493,0.377533433,665
0.529181123,0.547474027,0.419646174,0.509756094,0.333583504,0.702333341,0.406019597,0.348361048,666
0.523346245,0.539366424,0.409426093,0.511330706,0.332749158,0.712211789,0.395518815,0.348361048,667
0.54115963,0.535978734,0.408202052,0.51054648,0.320779026,0.719056536,0.377533433,0.376033322,668
0.542164266,0.531692624,0.375399381,0.497066359,0.318025321,0.720099146,0.348361048,0.358127733,669
0.525961816,0.539922178,0.350390285,0.497619488,0.328924596,0.713175004,0.348361048,0.380102774,670
0.531702518,0.536016881,0.373120338,0.490429641,0.29360798,0.717667861,0.376033322,0.382592321,671
0.525060713,0.525905669,0.368001491,0.488808448,0.293001503,0.695736638,0.358127733,0.402061856,672
0.519757688,0.529233932,0.373342335,0.486202866,0.292290658,0.700123358,0.380102774,0.402173566,673
0.510652304,0.537231922,0.38055709,0.49186798,0.307121098,0.705784214,0.382592321,0.390938687,674
0.507845461,0.535288334,0.395303816,0.494939696,0.303925931,0.666485087,0.402061856,0.403466216,675
0.512687743,0.535059273,0.407443345,0.497816764,0.303958833,0.665139827,0.402173566,0.426015767,676
0.509081841,0.53495878,0.401433408,0.50046649,0.317350239,0.666262216,0.390938687,0.426877533,677
0.512625694,0.540061355,0.40757823,0.502638382,0.318488717,0.706055751,0.403466216,0.447464173,678
0.520661294,0.541934967,0.417923391,0.502025152,0.312949538,0.684687049,0.426015767,0.467986978,679
0.528503835,0.542329848,0.422104418,0.508796379,0.326362193,0.703551415,0.426877533,0.475136446,680
0.538188756,0.546113014,0.435609877,0.511584482,0.329832256,0.690116535,0.447464173,0.474689605,681
0.543775856,0.553754628,0.448002458,0.518116582,0.344174892,0.690027174,0.467986978,0.462034407,682
0.551226676,0.558423281,0.458990216,0.525017296,0.358676523,0.677848932,0.475136446,0.44538955,683
0.548283875,0.562836528,0.465418041,0.529581918,0.371272475,0.682529659,0.474689605,0.444894833,684
0.549678564,0.563141763,0.467493057,0.54187369,0.380355388,0.699174857,0.462034407,0.441814816,685
0.560321569,0.557965815,0.464554846,0.526738206,0.361540824,0.694013987,0.44538955,0.459608694,686
0.52687943,0.566043496,0.436922729,0.525735749,0.382462829,0.707683043,0.444894833,0.460454502,687
0.528382719,0.563460231,0.45079726,0.527155636,0.373594135,0.704826268,0.441814816,0.460630047,688
0.510018766,0.555859983,0.454312623,0.520541076,0.35025838,0.699386914,0.459608694,0.439644442,689
0.514513135,0.553640187,0.457073152,0.520926807,0.346794635,0.658290261,0.460454502,0.388481057,690
0.518259764,0.554009914,0.456188738,0.522741227,0.353684604,0.660033768,0.460630047,0.355398806,691
0.523609817,0.556157291,0.453405976,0.527626642,0.363675207,0.652599288,0.439644442,0.336743162,692
0.529822588,0.549298167,0.433276772,0.529449559,0.363861352,0.619168838,0.388481057,0.354026364,693
0.536059856,0.540451646,0.406259537,0.515024928,0.340367913,0.621875216,0.355398806,0.338610322,694
0.527784288,0.538648427,0.364396274,0.498335361,0.326363504,0.610999024,0.336743162,0.349430277,695
0.520251811,0.537560344,0.351429135,0.491731503,0.310304523,0.58734903,0.354026364,0.371788325,696
0.521365404,0.527588189,0.356047392,0.484703359,0.287264138,0.555395063,0.338610322,0.363745173,697
0.519742966,0.515715837,0.359506994,0.491913218,0.279472351,0.604991171,0.349430277,0.349350484,698
0.548618615,0.51731056,0.372388572,0.471078473,0.240654841,0.598649348,0.371788325,0.343126616,699
0.51115936,0.530138671,0.335872084,0.488981052,0.322696388,0.628447912,0.363745173,0.365101657,700
0.528761029,0.533495903,0.370238692,0.495320141,0.312029034,0.597878976,0.349350484,0.364862277,701
0.500218689,0.524153411,0.365538001,0.488055251,0.289487362,0.543240563,0.343126616,0.376815295,702
0.508485138,0.523781359,0.368355304,0.481572803,0.271735638,0.556062115,0.365101657,0.356148862,703
0.508270383,0.525824785,0.365077734,0.482479997,0.284133106,0.590804278,0.364862277,0.341897801,704
0.502543032,0.529646456,0.373088539,0.48656107,0.293895423,0.594512039,0.376815295,0.354249785,705
0.498958945,0.52948755,0.377870411,0.491336777,0.300023437,0.573052907,0.356148862,0.3519677,706
0.496415496,0.522401989,0.371050626,0.491697008,0.293041557,0.594840197,0.341897801,0.319667422,707
0.506385326,0.521899641,0.369470716,0.480444632,0.269203067,0.587226936,0.354249785,0.317943889,708
0.494669497,0.525660574,0.353165716,0.481374662,0.289019763,0.57235304,0.3519677,0.345695956,709
0.499444097,0.523016095,0.351747423,0.488252689,0.295575768,0.534967396,0.319667422,0.342153139,710
0.501794279,0.512483776,0.351103067,0.480265051,0.261229426,0.542044493,0.317943889,0.336551658,711
0.511426866,0.511349797,0.346029431,0.470013431,0.241438881,0.517165707,0.345695956,0.328508506,712
0.515487909,0.51823622,0.335581422,0.473804181,0.270717055,0.496780743,0.342153139,0.31735342,713
0.505755067,0.523024201,0.341100305,0.479132115,0.285406053,0.47279084,0.336551658,0.294915579,714
0.509622455,0.517267168,0.355798513,0.49145581,0.27883628,0.474483464,0.328508506,0.317513006,715
0.53440702,0.503517091,0.34943068,0.468412068,0.231514454,0.469466091,0.31735342,0.320257892,716
0.502361596,0.511084437,0.296124041,0.475606334,0.291515172,0.474622042,0.294915579,0.346110881,717
0.521078587,0.520908892,0.318206519,0.473364247,0.263116241,0.476770276,0.317513006,0.330758674,718
0.505710602,0.511356056,0.323360562,0.465370703,0.24234277,0.451944132,0.320257892,0.328173375,719
0.50313884,0.511506677,0.335015535,0.469556461,0.247935623,0.413546369,0.346110881,0.334381284,720
0.513940752,0.513633549,0.346340299,0.474066695,0.256882101,0.404132029,0.330758674,0.33980722,721
0.504253328,0.512427747,0.339565605,0.477751253,0.270489573,0.418077115,0.328173375,0.337253838,722
0.514226139,0.518353581,0.345926702,0.475739957,0.262165785,0.370483472,0.334381284,0.34599917,723
0.502218246,0.51897651,0.337939084,0.473098865,0.269026607,0.402532983,0.33980722,0.339695509,724
0.494757086,0.522499382,0.343504488,0.47806828,0.279064178,0.444002587,0.337253838,0.351074016,725
0.490167409,0.519259214,0.356581241,0.477465115,0.265640378,0.414654647,0.34599917,0.339727427,726
0.498241693,0.513655305,0.359773606,0.482198875,0.264001012,0.439275166,0.339695509,0.341610545,727
0.520296633,0.510273993,0.362386942,0.477649828,0.251002818,0.443835364,0.351074016,0.348823849,728
0.521755874,0.518113971,0.345115691,0.478328341,0.279205173,0.419083246,0.339727427,0.351855989,729
0.51215899,0.528167427,0.340149373,0.483513368,0.297473878,0.45917238,0.341610545,0.352957135,730
0.507179499,0.526941121,0.356703103,0.482063116,0.281203002,0.449840588,0.348823849,0.369633909,731
0.495388597,0.52132529,0.358947277,0.478954419,0.273070812,0.408682892,0.351855989,0.375921611,732
0.492951453,0.521773696,0.362475872,0.481216967,0.277143806,0.376737422,0.352957135,0.382448693,733
0.492628098,0.52392447,0.37107411,0.480287483,0.273494452,0.404542982,0.369633909,0.386789442,734
0.489836395,0.527025521,0.376769722,0.484450649,0.284654498,0.406019823,0.375921611,0.390045003,735
0.492833376,0.528233111,0.386268854,0.488639067,0.290015697,0.343558343,0.382448693,0.39429,736
0.492087692,0.530374825,0.392623961,0.48979124,0.29368034,0.317228895,0.386789442,0.407838882,737
0.488070399,0.53336376,0.394701928,0.494071159,0.304486066,0.354038456,0.390045003,0.395534774,738
0.49045825,0.535033882,0.401099592,0.493645093,0.303724527,0.283114982,0.39429,0.394816635,739
0.483637244,0.537170649,0.406015366,0.497788289,0.309577942,0.320184438,0.407838882,0.380102774,740
0.495748788,0.535910606,0.410697639,0.499628021,0.31060195,0.356987561,0.395534774,0.371596821,741
0.483290941,0.536230206,0.404418081,0.49799972,0.315244853,0.347315673,0.394816635,0.362261019,742
0.486551195,0.538197756,0.402428061,0.503191298,0.321239233,0.386810495,0.380102774,0.357968147,743
0.492667884,0.531500399,0.396631837,0.495227464,0.302920669,0.370751243,0.371596821,0.356069069,744
0.479835868,0.531477213,0.381803215,0.491611185,0.304872274,0.356710145,0.362261019,0.336344196,745
0.477366388,0.531056643,0.376273036,0.488531155,0.299541712,0.389753662,0.357968147,0.32448693,746
0.467598408,0.527437449,0.374337137,0.485593921,0.289162755,0.366216376,0.356069069,0.322922984,747
0.466410607,0.521083236,0.367803067,0.484174349,0.281867176,0.327250677,0.336344196,0.307969742,748
0.462769628,0.515832722,0.356625795,0.477253347,0.268651545,0.364156636,0.32448693,0.295186876,749
0.463309497,0.514705062,0.347844183,0.476443914,0.26304093,0.381675672,0.322922984,0.315326673,750
0.488457799,0.506616414,0.342823684,0.474192744,0.246542603,0.399695345,0.307969742,0.304235422,751
0.491124034,0.501404881,0.322281897,0.462529387,0.23673667,0.423140298,0.295186876,0.300963902,752
0.473918349,0.512635887,0.310191393,0.46409938,0.251919091,0.446975765,0.315326673,0.303150235,753
0.483824909,0.511334956,0.321880698,0.465387935,0.244276613,0.445766423,0.304235422,0.312869043,754
0.465072006,0.502000093,0.321113497,0.461459954,0.233281344,0.454216455,0.300963902,0.331428936,755
0.466240227,0.503576338,0.323869199,0.462345439,0.229281291,0.449423626,0.303150235,0.357154256,756
0.480421156,0.499862224,0.327740908,0.462761534,0.220554009,0.442717905,0.312869043,0.336360154,757
0.499284029,0.500375569,0.334504634,0.461212914,0.216768414,0.446953679,0.331428936,0.335019629,758
0.5061059,0.509876907,0.341615915,0.467466274,0.242498323,0.44753037,0.357154256,0.339791261,759
0.514926374,0.517300844,0.347661912,0.479814496,0.275360495,0.501781975,0.336360154,0.323704957,760
0.507551491,0.518239796,0.348786235,0.478565088,0.275362551,0.505073916,0.335019629,0.325061441,761
0.504661739,0.521589041,0.351189941,0.483342157,0.277716517,0.480729577,0.339791261,0.30589512,762
0.526634991,0.511309862,0.351789743,0.483887187,0.263443261,0.479139565,0.323704957,0.305751492,763
0.527397156,0.510754645,0.331498682,0.46618028,0.25315842,0.481610032,0.325061441,0.290191823,764
0.493002027,0.52640003,0.302709341,0.480888676,0.305308431,0.493642123,0.30589512,0.259678912,765
0.504018009,0.515875638,0.33022362,0.473019257,0.258642256,0.487565104,0.305751492,0.247709936,766
0.478359222,0.502671719,0.318691313,0.465784359,0.239995226,0.48380701,0.290191823,0.237687913,767
0.488103002,0.496547371,0.300951123,0.463065013,0.23470813,0.473265946,0.259678912,0.237129361,768
0.485226333,0.492041975,0.280053526,0.453154597,0.214359641,0.451454862,0.247709936,0.21445214,769
0.481343567,0.489451855,0.259486735,0.447902379,0.203892365,0.456515447,0.237687913,0.22509655,770
0.487009615,0.482771665,0.255073667,0.441330065,0.178439975,0.4657205,0.237129361,0.24028917,771
0.483662248,0.474972039,0.240979388,0.435646454,0.170511737,0.440376599,0.21445214,0.277728129,772
0.472142071,0.475295097,0.232606426,0.431780474,0.161522269,0.422958473,0.22509655,0.259104401,773
0.475570679,0.477805734,0.241708711,0.428659878,0.14482893,0.423118158,0.24028917,0.24812486,774
0.47611177,0.475557417,0.263150334,0.431682101,0.142742589,0.387569191,0.277728129,0.236283553,775
0.487798154,0.478809118,0.273087084,0.43673182,0.167778224,0.392871134,0.259104401,0.232549232,776
0.455925375,0.484314024,0.262340695,0.443032412,0.204020604,0.373435724,0.24812486,0.223357059,777
0.453910768,0.490302801,0.267383456,0.445024115,0.195546344,0.397923,0.236283553,0.208228272,778
0.43977946,0.478535086,0.262110502,0.434665229,0.16347082,0.406211926,0.232549232,0.222223995,779
0.432465255,0.474077404,0.253126919,0.432560316,0.158503428,0.414052167,0.223357059,0.227602055,780
0.436055541,0.468956232,0.245926738,0.428623502,0.145241454,0.459014898,0.208228272,0.255465833,781
0.439429432,0.464242846,0.2458978,0.426142633,0.125523031,0.461409012,0.222223995,0.264115413,782
0.464758307,0.461076409,0.247897208,0.422892219,0.111652419,0.460703659,0.227602055,0.259694871,783
0.46827507,0.464312762,0.248545095,0.423885572,0.126911685,0.465962704,0.255465833,0.269397721,784
0.478325248,0.479178637,0.260722458,0.433647736,0.159856454,0.480608247,0.264115413,0.25363059,785
0.471508235,0.482446671,0.269166708,0.439181309,0.180676222,0.508783347,0.259694871,0.275158788,786
0.466281682,0.486655295,0.281662792,0.445159599,0.1864364,0.514831504,0.269397721,0.293415467,787
0.483014584,0.480970323,0.286025971,0.448270616,0.182482049,0.521142523,0.25363059,0.305496154,788
0.489283293,0.479444802,0.280728221,0.439132423,0.168238103,0.505379195,0.275158788,0.313555265,789
0.485615909,0.494871587,0.278606176,0.447087754,0.203760833,0.531330384,0.293415467,0.312821168,790
0.496192425,0.499000371,0.30251047,0.454725775,0.211394578,0.536731772,0.305496154,0.319204622,791
0.498773575,0.496987522,0.32019946,0.458486375,0.213004902,0.526591822,0.313555265,0.325987042,792
0.501483202,0.500764847,0.32090959,0.462587516,0.23197338,0.48728672,0.312821168,0.321135616,793
0.501179457,0.509149849,0.321914822,0.466156712,0.247100562,0.490631565,0.319204622,0.305224857,794
0.498151898,0.513670862,0.32872045,0.468370043,0.252187729,0.446384911,0.325987042,0.31700233,795
0.491948932,0.512822211,0.332605869,0.470307179,0.256184757,0.432656511,0.321135616,0.320130222,796
0.484205902,0.510499299,0.329655796,0.470315961,0.256996721,0.438468926,0.305224857,0.325971083,797
0.4824453,0.508932054,0.332348585,0.469707452,0.244855464,0.439564023,0.31700233,0.332593917,798
0.494427413,0.507036746,0.333511531,0.463516563,0.231304377,0.432463455,0.320130222,0.34740353,799
0.480785728,0.509927928,0.325764358,0.466006492,0.251859903,0.452063809,0.325971083,0.341802049,800
0.488437772,0.515035152,0.341606379,0.47257466,0.255157411,0.431110435,0.332593917,0.352717756,801
0.500647664,0.509127557,0.356091648,0.475479723,0.242931411,0.433562209,0.34740353,0.356212697,802
0.520398378,0.507069945,0.355294943,0.474145853,0.248158664,0.442265538,0.341802049,0.342328684,803
0.514241517,0.51977551,0.343941212,0.47651925,0.278567374,0.434866368,0.352717756,0.332641792,804
0.514042377,0.530587494,0.355555028,0.487211141,0.295981109,0.43850052,0.356212697,0.346541764,805
0.513186634,0.522812426,0.362503529,0.483829628,0.281945765,0.450572842,0.342328684,0.356212697,806
0.493844181,0.521005511,0.350507557,0.481059752,0.284544528,0.432668738,0.332641792,0.378012192,807
0.495306522,0.523460031,0.355291843,0.481538662,0.276218146,0.450885913,0.346541764,0.379001628,808
0.503967643,0.519460738,0.36251083,0.476983804,0.260788262,0.438910902,0.356212697,0.388082091,809
0.506702065,0.520193338,0.369564652,0.482862206,0.271978587,0.474776148,0.378012192,0.392630302,810
0.523107469,0.525639892,0.381816655,0.485206702,0.28061834,0.505201171,0.379001628,0.377724937,811
0.508724451,0.532408357,0.380112469,0.491184958,0.306182563,0.49559784,0.388082091,0.377549392,812
0.512358367,0.538522005,0.395983279,0.497175623,0.311944246,0.502130046,0.392630302,0.384108391,813
0.502476215,0.534671962,0.393751651,0.496974174,0.312618345,0.502946723,0.377724937,0.391241901,814
0.49509266,0.534130216,0.392098397,0.496812326,0.310180366,0.489490604,0.377549392,0.387204366,815
